ImageID,IPFS
1,QmRgzTMrzHjytSJHq2eL68W98N9ZHYvRn4vURQ1i7hPQPg
2,QmY4trHaJo13cnttE5e7yFfLAERmjDBfyL1D8mx8oLWsNP
3,QmPGhk7yQVV7iX2eunDirWHMCGDGe135AdA4kPspxgGJRy
4,QmQ7J4Ra58GgSMJDdZjECNDXm5YFzhCJ2V5T3V2MUb2eLG
5,QmZAiryr44NfEEmZpNK3JUnpkyuofWrQwRNSgFTximifLy
6,QmaKvQj8tZQ1vvY1yYJFYdJPYcTfvdgrUfcLZku6roEFEG
7,Qmb687Qg9bHpFkfNjKFxDSmuS7fHrvk4En4apB3erW4Dki
8,QmP8kfbmXjU59qoxhL8LaouNxaUnbHtHNqPx8kmjRP6nt9
9,QmVAVAoaAYJo4bHivi1ukTsQfbmLEWj8hwCB9YxCNLja8o
10,QmeZ6neNHJNV8vb8JGPUpRasW6PyRD8X7XDNHKmUBYBvaG
11,QmRNUrt12X4SHf3qKSYNvdpQXWWpvcTUXo2wTq4cArjPoA
12,QmayQsPwJsU2CcNbDpyGt75x7Cx5Cokutw3TcLdoLX4pyE
13,QmZAHkQdizTq9MGmVJyErdUfLULFfEKHWdXzEsywuW4krz
14,QmVA2Sfh54KkMqZs9BVomasK8vFqu1nVqr9NaWmGmkVnu3
15,QmP4us3N1GzJ5UtsJr3mF2x1H2WtK3knEZQALWRbadzgNT
16,QmQiXXSn44RoRXm8pzUstMUCWvhmBerYgQbxZEKyDWeujc
17,QmcHGe3dL4tSV3v6hLRajf3TRirxFjHhEu6RPZaxdC29Dd
18,QmbjNK1W9vqKSGV7YCpbuhSSQtSpjFGPL6uRR1wxQFDBTX
19,QmQc994WjknRrbiXYpvMtUYUruqmF7QVhnpujNGEpCw5mE
20,Qmeh4qMsTeezYUjPZRdNLVf5d3hbrdZXFz89G4Z6UvohMc
21,QmeJmiCHG1se5gLNidqr7L9jp5NFUo2dRxJQbtzsaPyanf
22,QmUR1wABKjQ72hkQxkqecBh3uAePpDVRKB5qw6DWoeBd3E
23,QmaGMAHi5PZBUNv9cVX4PD2izCkemHRSk3Uy6GpNmFJnCG
24,QmTKQizfsturQmqogXXUpFG8Z9WGF9JzZifwbnWnTSHw9j
25,QmTEYmxM4RfPtrLeWCtspzUiwrcoLBnk57sZ7AUeoq29re
26,QmNMkdNaVS6keU9S4g3ojLCZbRRCTBMGDkhyycRPoqSo6z
27,QmfH8m79A88yAcoNimFBunKeLbWSkBpU6ctrxgxAHeGNkg
28,QmTja1kXvvh246G9si8KzbYGge9XvfDjLYBCqvtmDRjHGL
29,QmaWp6ndGFkMP2iyLgsDi1FPF52tAnE5Rpv6ruFR2LQtAN
30,QmNTwG62fqQxxGs5p1mAkLrekGv7MoHGnKehdC9W2KGTfP
31,QmbrwN7F5W9BnEBekkpNeHjMj2cuNt7MJgRArg5mp28t3g
32,QmRMsAY9j6krK32zdFYRoBe3RWEdCFesaYY84xxoRQDRnS
33,QmQNhhYryYhJbHgnA6eaq9KDrvYz8dJv1NFpeckPCMGdFW
34,QmWLGAQQSjF7nXwvS1ZiWb68YP8ZH7WE769niAofS2wjmM
35,QmRmMHBP5J6bjmEooUL1XS5i8MeTho2918vvoPrvYapJnW
36,QmNUcGRwGv3CuNyG9nHpbiXvrrXJhM6x8oz3uznXdtW8wJ
37,QmV6MLrQwDUtfUVoGXU5MnqmDo4VESiK4mvCwyEuC5Hdm4
38,QmS7cjBKp4bopmFAetq3AdQZUtF9GFTVc4QZK9BaTzmJAM
39,QmVky7DpK2PU9nsUMmWMjwomt4YkAmxf62kD6vnxcqQqwy
40,QmbGnHKiwHexMKYzwrc3Xj2iAcKWuzMyYVksGZHGA8BmZ4
41,QmY5YPdEA4RgPRHUWw3WYGpjVwiGkgDx3VPesXSbSyfioZ
42,QmSsCSg6cX5PRrBh6mK5TZqZfY5UggnEvA7P3GS24Eu3yD
43,Qmdf2TS6QS4cF6aEYQkEubithXDrpoDcADYnjQ9eVDpQe9
44,QmYUmkP3AjZJQbAo5Jw4ZNYLcr6657KA738vBhHd92WfjA
45,QmVxgkMUFW7b35qTG1dKXVKEkKWcunqKew6z7K6Hb8Rk88
46,QmQTDi3qWkDD6FjKssBEynzvxiUQdrYbHpfyjeh71D1w29
47,QmezAbZPh1RLfxrxhEjEpxcqKtKnoBrTo8TJG8QGceuGCJ
48,QmNgboVuPPgxN2qAKbpC3U1eDEh3LqCtcJHK3Aujuxrqv1
49,Qmc8P7scsrLJsRPt5rpnQx9jQntGwQa28SuEtF4EfCgah6
50,QmQcYgNNuuKwBpdmu54sG72BPvaPzPRYMx8TGcGfS3kCgQ
51,QmVbZU5h7qY4Xh7UAMhGZR6vgwPFvg9krxRvs99DS1Tstq
52,QmTbUTrTxQdXvGc9Q4fHSqQLEaS4HB41DZhVVodJuGAy8K
53,QmZLV2CVDpQqxt1xJ3XuxFJgPQ6CqR6B2rbiYDB5enM6dw
54,QmQYDreQ8JPphYgXzhMYc9pXYnRLgYQzDN1K6P4ZbgzPXV
55,QmSHnCJV4mNDiQ6L9dPuDVPnZUzPq94Lz3L1AN2VBjq1dV
56,QmagdYhfBe3sn2jh5EWCRb21T1m2EQGGqfaN1T3UQrinmd
57,QmZe8a81vvsfmEeLQjFuFW1Bcn7daWtT9T6X269jZyKDcz
58,QmUTEMM3CHmf55ZAiqe1gvfe7RqjhWq66HbtpvTkPzaD2d
59,QmQHMN8jegC4aDqK6XUitYPegZYmdZspjj4VBeMtnUp3DH
60,QmXPzEDpJ2XHfdKRgKcgZfrngF32PXNbXYv3E73stdSyhp
61,QmQTy7Kgc4QuDFBEuKAkCTewQ4d3siKzYE6J2WSW7f4tW5
62,QmTuosGHER1cV4gwk8LrobKoBWhzdtpNeptZHRMjhnsxBm
63,QmdWhNcVFUGhTqYRVuYqjfncTEDEqYP9B2zwKc5RXS4Upw
64,QmdkQ4cq3YXLB2wTpD5mEMkMZCwEeLyF4264E7o4eLFCC8
65,QmQVAGiUasDx2KjcqPrisQKWL9TuU87qwknkLUyNYUbwyW
66,QmYb7HxF1wpFQrVzbg1NEcnHFucSsQiZVxS9QjGw1d1krS
67,QmeUdtKxLCVhZEt3iHSbNFVrirmAtbreRZAfkRAyTmACp1
68,QmZKd1zQNCNk2C2HZrYGF2HgiXC1SvbMxGLbe22GNiwYvZ
69,QmTHScPHNV5om7LymuUFGeJiPJug2EwDtfVRGLkf55jFEi
70,QmZNZG4DBuxmu4wsABGkdGAVFzZA7DWh61UQKsR2xF2Tky
71,QmQpAxjHP66jmNoLq1om8Ge8mcwnXrcLYC5p4U3Rqja1GB
72,QmVzEW1m2pMZeiHW9u7TyKzyp3z821r791FVMwyPBWfeaf
73,Qmdch8TgAZzvRCc9ADpLJBL74rgNAHXu4QtbcJq8cvcmMF
74,QmS8vtnkyqXkwJ1DB5Uvm6jw5b39YPX3DqrqCtUCrQyCb4
75,QmSmDNxRM8XPSHktEsEo3AUoSe59i4G42pr19mJXeKz1UC
76,QmctDQ6MxDZccBVQ93WFEvSH5HT8pCGckmW36SuguS6LHn
77,QmcEQw3zmcVrrtukummNi3A4NkHjLjVN87oVLdzKU5je7g
78,QmVd39tZHD4zzxjwYCwifQQnw8AsfNVL45QEpgT5CRhCNz
79,QmX828jRwVgvwHs6fddNCxHe8J2bvRzbLSZnnxSAiT7hyi
80,QmerYHM8NJL3NpAFiDKWj89vuxuVFjqp1SMoyNJeYwtxMK
81,QmR5cwvHcxMDpca49tpEy3xmoK9HScuQyaEzfT9ve1gjYn
82,QmebqdaUqjtf4CvcYbyQ6gZMtxbJHQQAW2BLHBqhTi8Y2S
83,QmbSzf7rzvgHVPaNjXkcy3jq27cfReBW7NUmquZtMSARb8
84,QmYXcRKyT1oBU3AQL59Jgsf5Ly1xS7AX8tsqGwsexc8AtU
85,QmXvjZwUY1dvxNwhY3hLGuajDmA3DUFrGy3svGp4CpHeA4
86,QmXojqJFNXBSRp9RCSp8JnTDMR4YymTTSLy77hrTAaSzKC
87,QmPyHPx5FTh5r5SecEC4zv1PwbPiLLCAU6GjVttPFtDktn
88,QmPeHh3hKNrcPL2GnYUUAt2uuNdzHWEvEmEg96eTSpGBcJ
89,QmZQZnjYxS5EVkvtS4Gzx7Ex9YTZsMaKKNnxt5TDRf2D6Q
90,QmZdCuESzHbzPxwCPvZjrbrbxeZU5CEkADJ91VUECDoMVX
91,QmTGni8FBva78DVd48PezcmEEG89haKcxvNPbEpnBXUqPS
92,QmdN9PmfSfoEj2a4X2tKEisD7VQYYBkn8onFUbvfYNQXDE
93,QmWkVJB1GHbqDfN4AqX7RrHX8uW6dvD8jLc2bYwam34X8u
94,QmWUq5aGJTfb9Jh3QBHLVbJ2PfEJNtciUHKo5e6RBKDZJ7
95,QmXNDnTrhMyswtwBPijnJ1DeSaq9ZvszFBcSwEinL8EkGU
96,QmQ2vm6hJENGVB38Vu3vV4AUnfzhw6zjuUpyAazoReAnGJ
97,QmYNcieETsuCBr37N8ZTTEyuNn1pDcczYgTwUbfWTRCCdw
98,Qma3rDTrXdZBRxmuDB2AjPHXAbGMoqQuBTYpQHTofBp5h1
99,QmXxQ4yZ1AzxgMXuDJbB123YNGeXFYg2egYZTUJvpYqcJW
100,QmYqKD3j8H1xggwYysZpfSCdQHt7BLpRrEPPh4GJR1fHXp
101,QmTcXF9V2JiqS7siCnY3PmaYwLhFXRiEdm6fyYgagjmoC8
102,QmTUViCvKdJTTYoq57VVsSgR7PX8nin2yHm9UiTNGGg6nb
103,QmUH5tKCVJ9KEXSEFSCbiyEHDLi9WwKmcYVTcpavNgDx1y
104,QmQvgGHxgrrqEhwquuvUnRG1mJMxSWuwaCZUgTD87jxEpQ
105,QmfQdHGsg9vreMMJPGe2t8Mt2cqJkVM24xbbBQwvpoKbyz
106,QmPXZnoZ3v1NSymxD7JufbkYrYHRwp4LKMjpK2hPAJ6H6i
107,QmVukRsA6nrNmNvw4ZRFuTfwBexSWeqafkUs3he8uvPBqR
108,QmY6QtZmcbBoTiCq9GgFRiz5cZsCc9V2tirm2Cdgj5sbiR
109,Qmd9c5iFRmeYUPpRVTt6rUUfGx2yufN2EZWq9qmgGKGAS1
110,QmQB3oB2cTNeD9RyqdMn9ezXEX1VydA9Xrq1675TRsFCLw
111,QmXsq1aS3Wun5AshN9YLwfCoPPNxXdsWgRn7rxdyw8dipz
112,QmNxz9tJkJSP31vsc4NnzbqNoBM5wLFttFSkf6j5V8sG4E
113,QmNa81UUUtUFGkptAoTjvYkKgf2t1ZKddkEvjgqGZS5YCL
114,QmfMdNqQq9k8P7kqLd5YrPQexreX2LABZrBiP5HiimFPgc
115,QmQVAdY5fyC5Jz499qq3eHVWCuCGmvMHtwzA6upHxv4A7W
116,QmQJWXep4gfPyeouf94bU1XZQy9sph16D4658huZL6SDwr
117,QmVeWawxESGiRMEWSAZpuRb9qErDxvTKu1EmmAnhucWr9J
118,QmZtDXEd93szpV1Cb6mGUpGyUJAa5eHan1ZsEW79wdbfzv
119,QmZgog2wuuv3XuSFFZM9rrdqjdiZ5Un43jsM9xCrnzWBgd
120,QmeRYse8cdF1Hri5Y785ZH9kNWdbFNDQE28v3tCSeR1Jzm
121,QmX97EhtyERq3w6tuDYSoJs4VD8ZinsuooMrhX8PNNSetj
122,QmeMnAt4KzWwT2e5UNpvnPR2KqLeKMCmgrZE5gQPifv7M9
123,QmZYnw45yFJRvLDtvh2RHzyNpCCmyYRfn8KWMxb3m1CNuv
124,Qma5iyUbmcP4Dp94asgUtfnjxdoGJmSkWNEdyHHUQA6edu
125,QmVBpsinK2UC1eRCgpzPknYqExShBzpDC46E98uCd5iJ85
126,QmUW1ZWdbRNJtPEkH9RcEGSUhPu4SWqiT59EHtAWAbizeW
127,QmZs3g4ajFtrRGM9bD4nb6sZ5jWzTaKX2rwaXehPJMyA9Z
128,QmbZBjzGhvUKTaYsuzNPFbXU99ED3d2PBgJqZFuz8ED8Na
129,QmcTSducdeyx7BAbroWLEPFy3eQBzBa4xxeXAeMCvVZTWZ
130,QmXxPtCHrdQvbf2CBPWWU6kb5eyQTzuhrd4xTTAurNp36t
131,QmYAZXMmTdt4Qsh9nYNkrEy4EchSZp7rpuZpw8PZa9Dmjt
132,QmdovtJLGkdoGTvmJJx63TPg8oF3WqfAqRC3aoUFJ6VK4y
133,QmVHZRYscgxddt4hLEnGZSWr3qPZsH9fbU6b88V6JLf2Vz
134,Qmc3A6hhtPQbnWeXVTcyYupShK4xXSfjBQkToPmgA7Pray
135,QmaiKXvFpHmoucni3cmxEzgwksgTEZcZPiFUxzzjvTufcz
136,QmVvSpoHNRKrfEjfhqsp6o6oHxQsaX6CcxNP7pgUDAxfvp
137,QmaCnq3NpTbRfTsLEXGJJL8ReLH71GLTgXPzxUrGkC8xKb
138,QmUPPDb9NKGFwjtQuf7WxZgcQbrXcyqtnFiph6kA7dK1tf
139,QmYzQKYDdmmLkXYJbxtkZ7HAA5YvLCFRuAM64kpcGv9jRD
140,QmWxnvgS52X77zoEpfbvdM2L5ShkDqG8BA6QxzoK9ZWi7Q
141,QmSqgAaEEM6rwDithG17EQCzuRwnawVoE9knRDh2rs5omW
142,QmYooKTDMLCkbS8adoqczRERGZTS9tPdRJRuy8cn7vYinu
143,QmcTHCtg5stxJP28ZELgsVmY21bEDxGsMDe2U5REeNy6x1
144,QmYAagtU6x3V3TwmqVyvYKgofTvpN5AarvrLfPKwiB8UGb
145,QmQutdC8MZoStABaTWCVdMaBNECPsrNcR9utaH7FjXpCKW
146,QmNd8qsFPtWSTmgcvLZnyPo1UduuUjGLtSwT2KRyd3EHMH
147,QmUiRr3knbnwPYL4v83v6zUD1JgyE2A9b9x7vKQkfmdEvz
148,QmSi6eNPBBHqg24xF7pHzaQuQfp2ExEudbu1vWPVQoDaDx
149,QmTmMj3cvtsdg3dmoWmPuoBkQy659TtavyYaXR6CTQNBvM
150,QmVfstZeYA3HNZZYKHbSQa9ruhx8w84z35pUfkwmTJHWe9
151,QmQKjZQ3zqZCapBGto9dYrR7HSbJsXnzguKW8b5Zt2k56f
152,QmdJoTjwUc2CSyE66ofsNARAmojKXtvwsMBpaadBRLUifT
153,QmfC52xoG5e6BQmEdvrKnmjgR1VvzTYMNuPbK2dvyAPcww
154,QmZnCyHFVRpmzSHGW6qssKavc6HTw6sjCHTELJbJ1USssb
155,QmcXcALNVq7db9iXgXB8JyEYeZUoDyYj1HfRLqUytkE81H
156,QmVf3fnwUdTYYUwvjX9b5vHfxVFLYGNRyahU8gwCKUuUy7
157,QmNnmHn37qGHovMxZygTAF9yQHGztf2iV2oik8xNMrEqa4
158,QmYURrGbmAUv5cYQuqpx2dkjrDHcWj7E9nS1iqULzUUZtw
159,QmTZaDkDeQpUDbysZER6UqrqdY9MsT5BBNbBeszfx4BRRF
160,QmaDeyA5JJF2mLYsH9kcMCpUgWUfScP4rjzbgaPrzwnxx4
161,QmYJp1i884QcbEQBTpxunD73AkrwGapYwZNhWtibsfXyhz
162,QmTEoH5TqwEpAZL86fvXufgjP4bLXsb8iTXbx6D7psAnTt
163,QmX1WBDChs3Wsp1K2Z3xHFSGm9vZC7c3LbfBgZAcmfrB2e
164,QmQPajKwYDwn6JxDudf2gwbiNGqmHGLRb8UxGEDr7Kt9eK
165,QmRtigAqgVDoY34v1adwLGUsKayt6dJtofgpKxbMg4Ldom
166,QmXbXfUFvts7cnUVSsAZFrfW4StANp9ZMsCcr9bwQU93Lq
167,QmSvMVH4sAwE1jSBPEAWDGvZYD7iAe33sfn7CxwTQCck3i
168,QmcLuXDpNCJeVHFBNzaHddXG97TfGbktf8SEmLo3aqLdn3
169,QmX7XhsBAibLvTifub16am5xRyX8GmfoJ6p2qHMbB1VhHn
170,QmdutPcc1QFXGUUqMo1eqcGFH83p6qBboZ9tkSsYehvbXr
171,QmecVQX1cEPcg4Eu4QWZMkRsD5ZYBce89Ajjizj2uGGEty
172,QmTqrVM5CnuTegkfKqVcsUq7JGQZe3LWLopjCBsdovaKHW
173,QmaZ8SNjdLLof4YTWxmdos8TP771LgiZWYwQzo6yorS8Tp
174,QmQ3TMfvSvFCwdZCaxufwNYE6Vk8eLmNsLDGwoapAQXyCv
175,QmTuiARwDfBi96QXFZkdYgHkJbZiU1Uei6En2L4Fr2o1bk
176,QmbbTvccHDJ22FRvExi4yQo2FwY859VYiq3YvP1s7PeaKd
177,QmPozHgejUVfWaa4PVwywT9RWgxF79TAmAbji4dgkbDzgp
178,QmNj8hasrVrZ18XdnY4T4cLnbFiywmZ6WbzLJ2S63bLxjo
179,QmcZWX7DZbfu6QDo6KtRT432hXArnm7UAiLvnjVHiuXdci
180,Qmd1mRuop8waDXX1EP2YNtRjuXTNDvFZyHLt1r5GE9Ao5s
181,QmSfaqqspQNzC63gWDXhW8xTjN14CZEwvK4h1womNmpoQm
182,QmNP9Xus8Wc6TUozDsxBLKGmLKCyDZVoGTZcRmcGrtWt4d
183,QmX9GeZJkCRt8Ztf9a5oZMFNyuAimf3GmAAAw9GNvwWjZ2
184,QmNcvuxK6nw1KhnySUeeaTNTvtr9XaWnUEGVKUC1AsgqWt
185,QmbP5gWNeWNQzkzAyRUDEwytFyjxmAkNTNTgzT8ySiuFsB
186,QmdzHiccFMTyNxiiPhTsfTrqeHLrP6iT9MLDznJSK9Hieo
187,QmZ5depX7MYBWmnwBfHdT7Ds7KQEqD7qZw2wuXUyM2xKZW
188,QmNnU3hfVq1Q2FYzFajrjQRfpAidbiVXT3Gktoie7mFHvj
189,QmVEYQGR5Q9nuvL1yZoynG36zmuEoGNd6yoguhYiPaRFmZ
190,QmY5xkXjJHWK2uoXPPZZXR9T9xyqbtEDide2qbQ829tHxF
191,QmS4bWN3d48h3CYaJn7YXVsjk72vAE4BE8DwwnNbhjXA8t
192,QmTTprZGFiGJ9UQziVqPhwGNGrdwt9aZSvcStEMJGpaEzQ
193,QmWeT9FrHRbQMsGWUJtA8r7PLNdroXduRq7R5F3bwCV8Qx
194,QmSjowBExyVVyJzooh6urs3hFCfWz9zX9EWfmZm1MooXtU
195,QmaPVEcqV42BgqfUbyDGFfSdzXayF7XHiX4xpSPctF2jZw
196,QmTXGSSz9VUHg7mAz7eqnK8eMUeduASXG7kBpfmaQLUdz1
197,Qma8byPRRtx1UP8jN711qam69f9C1rAf8ggasNt8PgMvzZ
198,QmPXMoTAAYHDLAAFYMnG7SbrEBUvos1XrBJx5ms3KP1e5V
199,QmcVKB1e3AhqjZLQ3CmtsvyeRj1cfTMP94QVXpTbKdPqXj
200,QmaQdCgu8mon433DkhAMnfmE55JYbhyXNFQHQL7GnRca6L
201,QmUXJK8q6qevxvU5ZGMuMwsgvsXLskFSBWnT5ZEBx1oWWH
202,QmQ1dUzF1wB2dQneEVKXd9SqpDpVRZ98kBks15pXSR6ERk
203,QmXyJaTht9U5eMVB5SrYQDH3brv4Sne39Y7USwzjexEwBR
204,Qmaw2KkLDSv4JuD4qLDiDJdSVoyezesMNma6MLJPXsKdTh
205,QmQbuqew6STLczWpmfPPNua9NyL5CHQij23tUvZYau2pgV
206,QmYNaGjiFdswRqfEaKiZBV9iDwZpkFn2ATo9G1Fb3NRq2j
207,Qmdfm389WK4mBm66rNo6emUR2rGFLkkEX7C21pTUKaCZdX
208,QmRSa1p6KmhMNTBV5vpnM1qd6wLD7mJYzdvJh9mrtJcijy
209,Qmejn7ZBmd2PvqfuVaimjx5u4MBohSay9CpiQrGaHUStAY
210,QmUH2ySrcy5K32HJzSRS2cXHWgpb2e99jwbdTh44L5o89V
211,QmNrrUephvKQ6EgXYHjknqk7yse1nrhKFYcYtwode3yQBd
212,QmW1hcPBnJm7JXe8hao2ubS6DJbXxjxg6zAVbusWMHzVRt
213,QmbLdfWC1bjuephy5dGJfNgJraoi2ri1JMweeMrpqV16jM
214,QmTD5LQpbzynZRfG2zzYpavwQLeAhZ2tNrv9X5KM3PasKK
215,QmVPviDekbX4qCqUZv9sJV6vNgH3TakjNuTzxpGAXq9Ltr
216,QmVPzU26jj2gvxg44TUh3ehsZi8RHWMFda4gmz2AfrcoB5
217,QmXuAYE4qDfh1V2KC6Yvt5irFeMiqcXPhGN236peNni57R
218,QmeXVBbQbuErRU8zGtbww1wXU2B12K97myiZsMMLv2buqA
219,QmTkq8exHgfbi4aMSGdfv9k8whQNGVMBR5iu7XmB1Tt3rm
220,QmXVn8rXrHtSAgzUAeE7ffA9CnVGcPmcWcTqQnHCLHsr55
221,QmW3mtGuurU4tpduTCRSDFpWUwC8Vg14puRV9pHNCia6iY
222,QmTSWGAzyMnQ4MFHpE2xTghuCijoHmgs7yKjRSAasrFM3d
223,QmVZvCx2ebAGfFtDQ8Cvj8KcS57M9cBoUkQemZLsaFL3ig
224,QmZCzcjBAA7kgthyQ2FrkkvirABE2pMBMb2FrmxJmUDpgN
225,QmfSCziuiYpEnxdSiTH2nverid2Zs5WQKYLN6xCMYF3jDE
226,QmZDcdspuBN9rGUin6nFoJJGcCswTW6BvpEmTXXa3rMkGM
227,QmaoBRtE5Cs1iDdSvqyL326bQmxavDELAuyYZjKBg4SWVr
228,QmQGNX8zGvtwfqBxH4RR3TiWTnd7AW1xSF2QGPPxrZfq6p
229,Qmd1dRkVdG9mfV1mRvrRkP6iWRS4wj2xMx7ctBoDrDDDsh
230,QmNUEQ3GzWLwkvqFPv6d9hG4UWMgnRN5VTJpoWo1xsuXuL
231,QmXv9cmkRsuUmJrPzS4oX2yqRraBgdrDGdoczKPoHxquY6
232,QmYNtBGiatgCLCyRL5pRPHM1h73Eq7ZPB1JLfiSmr9mK8Z
233,QmdjBs6K2vkz96KV7rEgajcsx93tzWwAbxsPbQARae13XR
234,Qmdg32AJm6vvmX4m8xHGRM6AFxgjWKovcSGnyMZskohkBu
235,QmRfynsFcbMsuvipMjKvohDZGiyVENhG5NXwA2utxofGz4
236,QmYPvzVtpVfccxBFw8YqsMn6i2SNkDWGWBP2wCrxn9V3YC
237,QmVQpAQituzrwXV9Lh4srJEhzHkC619yaDKSkjKP7F5JtR
238,QmZj8ryBxdTreagJ3yHyKgKHA7DyqBdyJJLwUSrjMuApUv
239,QmZ8RAfKADs8gArvBbbYAFHbFZ2KX3PLoW5NnjxdrZR48c
240,QmSijvG3DpvUBVtuWvLxTspTR5eHMcMaZMPadZxKtd4TkS
241,QmdG3dX1RspFJeZCwhtTJoR4zqnAHc2sH4Gvun4dbpJzhv
242,QmPV5DtHdNYvyCASUMydC9nrzoVsCyHcZVKjDVSxTCWG6r
243,QmZQAE1q56wD9rPDdDBsCcJJWCkotdSpPoeDKxS3Bmau4s
244,QmccZB6XHzeGCUyTRdMEBECQG7JALMJiGYFqUngjQrQcG3
245,QmbFGcG8Ze1KpSugE6PGwKsqJzpSH48HHqzmADmTv3Fx4u
246,QmZg1hSaCVGxnRkhrrKKtBKbsqnpoLHms5jqoj9eG3t74d
247,QmUn9YkrskvGeRzt5fzdycPNoWzkjeVXhJ9Bj7iSy9nhEk
248,Qme6uoZT3TUUNVPnVvPwkJf4EPvkqRnGpkzsf8YU5WJPE4
249,QmSpVs5WQH5MRrmKUNtHx7dTG1NoLpbKPbQBz4p6spcgRc
250,QmPCV55WiSTTkyywao2FD4D5wm6Y1Gf7paWFPifRBaz5XE
251,QmWd2ujpq6NdbSohTF8kjHaKZSHWCHNjUPhF2PVT3TqVpm
252,QmcRnpGxWCjssy5YLu9biriqQwRvaxD57YPnWuFaNDJYzQ
253,QmQVnd4Qp79NyVG8ysHNWg7RjbcV7vs64R8QWpqwoXd7mP
254,QmfWLEB7GfUY7ZAtxopJVsej5XtwnkVwAGwWER8dzS6HsS
255,Qmc2zv4bXgD9YpRSZxxH42hxUB43Kg3g9wEpvo9qdEWiXW
256,QmWTinNdPfKq4bEG239iupMjU9ysN8hqLe2aQDoGrgmVHZ
257,QmSA9vC8372Za4nH7bEMJjqBHpaSQhaBYZbFsbzLSDPyjR
258,QmTGmNxHsjcbpCzPUYJmTDB35CdEDw7CFnuQSyzUedJb3e
259,QmXqr2hyamCpdcm6iQk9Uj7vDra9Pa25AQbPa3sK9tQ1BQ
260,Qmbe3AvvK4CyiwvUVZPyyR38TmsHaCcP4Jr8p2ppCJP1uj
261,Qme4sSqE9rukdLHqpR9mJ9zuuy3JqpFTTRSmtzJqMzPZJ4
262,QmRUHT8SxyM8A3AHMD853qfLuSFnpRR5qy4DyMWWTnmch8
263,QmU6xDsp63ybRQUKsKuh4Ltg4Rv5QVzHZiqww4McVJmLE4
264,QmVLYaRR8XAf7dPZXMJqBczKzFimv9TfBA51jjyhu49WLT
265,QmUCsrweZ5A61Fxq5Q69Lqc324GC3odoBuKWw15eJzhDxz
266,QmRCjt51NuJuyjqcALjA7zr3ALSxtpqxkU8HmBbbsQ1TmF
267,QmRFZj5TVfxs2tnbXTMk5jzHiUXXnE2AyxQbN7DtKwyXr9
268,QmQv3BKGheFdFwr1HMCz6wpo64Z3iW8S8iWsUjjKVC7Qyu
269,QmQ7deA6EAyjnKw4ALyL2V5Cp6EKXW4EBdqvWKSCC7zRzF
270,QmVotb7rqhPvjHXstt7mzvZ2KpfBD2GYNmp4xqnytfoCXA
271,QmQQMBhLiz77X91d9fHMi7krPSfcc4UrHeEDeVtnSFWmcS
272,QmaLMUJZM4XRxfvVGKF7tDFDQNFCXNnJYT5NMys2cY2sAi
273,QmZj6MR1ma8EKg63F9fCfpLfFnMPLxVjPuQUz12FeSqh2W
274,QmVK41cZABqzfp871TYVfZtQP5acA1uWaQ2Y4aAKXkJkKU
275,QmcFEg1uLaFy9K34dYF4u19nrJVk8CRY373Jgi6UneSgB7
276,QmVhFYQ4HXeFJDG1EtSmqpwq4P7XcKEerK3isZBnas3zyg
277,QmPpnHwmzAsy65XbzwrvxaoUCBZkHmq4rqqcpwscvXiBsx
278,QmUr31zYHNZzyzerDEK7rZbkH7467kmPwcChut7m839RXh
279,QmXUSswapHFUN2FzrxYMEu9QNPy4nAjzkFkeR9gbyY2jHv
280,QmNheXMWALYSFg8eCE8oJzsC8KfXBgaN4if1mvne54KeKi
281,QmV3QFEBASxYGEjFmA2oqBzGL1t5TprUfkpFxYQ96SwA1L
282,QmWgnD7pkChKzNwWwnV32C3dahzoCbVx4SUHEEJp3owymm
283,Qmai2Ubuu9G7RhUfCq8yr6QJNshi3ioDeDJNUsrzXqcfFg
284,QmNgXiqqZxurQk1q16BwSACR42dtviYFZSTReAaD4GUkT4
285,QmbQoJUhLPrFKtnwovdqEp1mko6sU3nexrWv4SQQkTmqcq
286,QmURBHppp4B3WJwcopmJ321hEqJpMtbxXAny8fu32MKbM2
287,QmSjQoHNnbXZs7YFiB6nzNiWZf8RZpL9CmhQ4rBtRaTfSf
288,QmRiHY7Vbe4MhfHFdUj1ZZncy7vUFreX83YtkwRX6LfcsX
289,QmYwaCCqxVyNQDchLEQAw6DztQ47WJGTmELhjJWGL7Ekw1
290,QmXgwrtj2w8taLv3WThjgidsCbxBb7SPYpoPXphUg4wc1L
291,QmPUXYyNuCC5WjL5yyqGJEXS3zBXuVCw68vt4N5xQ3Z5fx
292,Qmcw1zcvjaf5DN5zy741g9qFw6gGuzi5kGZzoghcFBVogU
293,QmcaSTDxJKP2Q4mnkRg2QTudyPZNgxxmWnP5PyVP7GuMYc
294,QmeXB85WBxpw9xCZt17s2UDgGQ1naXNdpisaaxZnVnpUdZ
295,QmTDeRrr51EBVh1FbHvhn3FZUErHN4gnjVqJzwMx33ocEy
296,QmaAYhr2h7PNAyyDfmQGHy1WMkzh8uof6oa9EJuy4D85bM
297,QmSF6R3MUS7de5eG5oDdeCuTrC81VQi3XfAknSqENG2zpf
298,QmNPQS6Q97UkxkgEZc2vKXN9WHcdoJYoqH5MQLPod2hxw5
299,QmQWKfaFh27Eoj7CJ6SJ4bTpHA2kSurkTXj4uiSJ8dEMbE
300,Qmc1hiky6vd3jAna9pD3SU9Esoy4BgQs4Lkz6kC5iEa7EV
301,QmZnn28ChkQm9xVz12a95oNv7NRc2LLvfubweteexW2ry2
302,QmNSHegYQFXYgzXnxcYf7tg5LLTCp88BSmnYKGy9dryRae
303,QmNN5WmdgBXPoyRTwNDnW6brbHEdPoMx7UcfSqi7EK6SUK
304,QmVmovuZVx7TtKTWvJRXjsi6fb2CZYcGqkocVrR3pujYJQ
305,QmSzq1HXFjDcXef8YjNZcdTNyJsbnR4aNHG3g3jjDwCxc8
306,QmQGsJdm3ycP4PFhMsgLF6e2qqJXVzfvRyLigyU87ZcF2r
307,QmTV7mqPNRmnqjmWpGVXGM9wjs9BXa4TJLWR5C3APCNj1L
308,QmWEY5aCcx2B41cmGeWP78X2AYa7maQVjzbD4T281hUpwY
309,QmVi1MqPdFKci8rBaU5fkaTktUNbdWXamDqYtsbVAvaBRa
310,QmZ6tL1FeaJraqu5SZJn9kXZEW31J1H3dpbN4D9P5Kzbws
311,QmQL6kRxxJLdhqQB1WudKJZbeVAYrSyxWQDHTE6V5bALPQ
312,QmdoSdTHPg2SB7wmxBnLzbXzkBucawQL1rXqESaaF8tMjb
313,QmPzGuFotVwMnUSgQoQZ9usEVCv7MTmKQ1P7kCtukUt2Lr
314,QmR8sYvtkdgPDsCKQmKCpwCX926orMD1NykxSpfHgwFe2n
315,QmQbktLTrcdEQjaUey8TeQZD9hkZDTaMbmk5yPRY5eUW4D
316,QmcvH8LmHXrWHs24AcwWmgAR7C2S6w5RaX3NuGC49jXo2k
317,QmSYeX7GgFF4XonfpSMCFTJe2idwdv8RnSGGa9seDzwBA8
318,QmdTBv8Dk44tGnYKytUM6tnpbQZ1tr8tTFmrFoTPdarYKV
319,QmT1btdWgFA8ikbaApFAuxP5vQ63bC8BeTojEzYbgRUDZ1
320,QmU3jVtsok7Gdjdwd9QRgevkA5eUj6Y243uXHJX7msaADx
321,QmXLSYJFmMchEwDF5AwRd4bucJqzew7As1SjGKbdfeThV8
322,QmaMyra36hBoKKAF8KZeZJjiUBoz4FjxUzPGnevhao7tt9
323,QmUan5wKW6gKJrvR3mXmPVze5BHVkJZTo73D2MJrEg83K4
324,QmeoJXMG8hs9rQ9nitydHppEqm8HN3um6MHYBRP3iVrdFj
325,QmbvWUoVBiL1jjo8Z5cmLsJB93vzt56MDQ7vpA5KcsYrxi
326,QmShWKWyBnY8kUSnLwx3DTbGo21daMknHxNLnKLJjFQMv7
327,QmdNAr6XwgcikPYCEeiYLn5BE5Qhkvx14F8otyBymQX4JG
328,QmTXwMMTzFp4PMiC8gFzLgFGq5feqiU5Pqr9DYUrvSY6zA
329,QmWay6oEguNwRaQG33rojcBnSyheB4DeUJy7LrAjRS2Wzg
330,QmWtZHsMpfR8i3XtjuBnnNweAW9SqDaiaLQm8a1a9731K9
331,QmNLf87osJXYufEd6kquLggqpjmFM5m92MzE4ybbZrQZjd
332,QmaKrMNZB7CspbhmAPu3ziYSsmKF6aSb2Eokgqd52TGzY6
333,QmQT76gykJBmYA4ZXYhRTm2223jHXqcYdKn4ThW8rdsgu6
334,QmT63QKEzxxDM8Dui3QFez5UBTDbfSNbzByXV37WM5EfWt
335,QmSxC7qhQsJeouwAnG6hou1SLv5a1P3DYcWrshW8uWMM7d
336,QmTrjvXQWZzQYRPsqotafapizjoNnjcEDoBwBNVRuzyFfV
337,QmdnJ2tSEtFFPwdNmQPyNWAYgxv7VLrpbUxZXpa6FrGWjL
338,QmPdLHwrxnH4HvZHUSdGcy6gdgTCnZyfC7Nx1w1PsnneVf
339,QmcMstLq1NF7CXbYuhufWAfz1cjt4FzZWS69KBxtpXNxSC
340,QmPDFTJZV3rhiMBvqWrbt36uWG4Wcd7xPnjyYiWNWrqn1X
341,QmVsp8Ci5V2GMuLhLri85WQdEx3oRnXczpm5d2pzAnXgVE
342,QmPJYKQPRtgUpaGmEMR54dr3reg4mkGEEyA6tHtE6dgcg6
343,QmVGWzf9MrZKNT3aQrRaXaWsR2XhbA1zQfLzHGSyrUsoGU
344,QmRN2rejaJH4oLYhFQx8xYGfR3oqfSRhj4R3AvvTYWiFHg
345,QmdrX4J46uioN4otQz1stHPoPzf9CeAGsjBCAUn2VenPVe
346,QmcjPS8P1zF3JPFyxf2a2htbgcx3bitEHyK8iwC2tArr3e
347,QmUa4Eh43Hqboeu85w1e8njdNZvRMaTQLCM7nWsneKtd6X
348,QmcUsDkb1oGGgvAeJdUeefxx7S4WjSifJKnDSRFzugfZjP
349,QmcfRYSzkFbKYnvjEnv4C2wdNbJfu1UGjY1d27UJjBphx9
350,QmNeDJVWSg3Ss4fJRWA2v49JFzdbwfcZXFNMr9jPrutBr4
351,QmPHAVAPU2pRXhMEE3vzyGqhZVWXYeBdQve1gde57Smq4y
352,QmNQ9xZ8oKAhZ6x7jpaNZbztVxcYMYy7hUAf84tVRnZS8x
353,QmXMPm1SSU8mzBPSgodRuSaoj6jh4Wpo3e64hFdT4ap25R
354,QmZLLzbv9sHCNQwzkeHQj1a2bh7iTqQt8UeXRUbqAhpW8w
355,QmQtdGMfZkge8qWVGcYRGyn8XHCj8FS6riPsFpWZdwJZUH
356,QmRkWuFDGRyFu4gDeEBLDJ9B74nK4F1EekqmotwinzjHKK
357,QmVKTxFS8VYjfucpxCLEfNVCRifP747PrXDMk3JBQDfZ8Y
358,Qmf1frUkwDuqt11HqMPRMHA7TVA4HHJAQjAySfZehsn4oD
359,QmSwhyUAHarVEiA9vBWvzQomNzNWNoxrwbv91BU7yBBb23
360,QmbqH6gNHcwoMpveqeUackZvHBzocgzXteJv3MKLDMsfZG
361,QmSRT3NXBftFeZRcQFvrUJU1vJRUg1RXFPvyfDw7QnKuUq
362,QmZAA3Ar6CfSGyAcggT6cFzG8W59wPuBUi55wxTTkVhLXV
363,QmXekaAu6QJczNFHVMnwoqo45mSKEVPiYtAmnvi985mu5k
364,QmXHr3JfMxkQK1g3s8L735yBJPtYhmZTEYYM74Yw9WgvP6
365,QmPPJvJvJydSzDcHYYNgu5qo92co3BGbHzqm5ifEGTNtDQ
366,Qmby1WDSeugMsamxtm2XSEWBAK2VvGn1KXGeRAeSn3s137
367,QmX8brbA5aqQp8ZAWiUFETSQHkVath1pBXBKB3bi5VWjtw
368,QmQRr7rn9W2AMLT7cBBBwc54yzcq2wbPLGU3J5MyMSxHMa
369,Qmazxy8AT6qXg7pPtGMPeq4yvRdd2MK3ECf64wsw8CXDVL
370,QmajxSvush4h4obe35dQecE2DNXRmu7FsjKesij5xGgbMC
371,QmbWrzPUGXBmS9YQ1RdQypoUqqNCLQUu8gPwvtd11xuLNF
372,QmcCCHczqdGmMFVogWQD2fUNMArdgKf1mFzAuiaDjhWuVc
373,QmVHjBWqqqVdBiyiFFrQ93dFtdNdpM2R1qvB21HyGEcrXM
374,QmYaN9TqmBS8mg6LN6chCXTSFR5ZCGnqcwZtRL8uc6v65G
375,QmSXvLBShGvurgWKLxp1aWgrSazXJUH9TGwSEQVYBKzDtV
376,QmRaX8p86LbrrWFhkynB9td5GxPKgG8f4aKnmFmQBdA2rR
377,QmUKSHRysBgTZH8A5BzW2fBoJTPZCLUqXeDekXdmjsvkW7
378,QmTSh4aVn9mNJ1xLF15QgYkmMJvhivt8jJcBYg3cUdE3Nk
379,QmPDnNhdXSWfM3fMkVd1sheHpE8sZXhyHRZJYY4h2H9SQ3
380,QmVR3qEJMSxJGfG4b5MCWCPZ4rFfoB7WC3jXsZA3bceMSh
381,QmeqgrCUWspjqBh4MoePRtRLsPNvNLo5WjYhb3GxiYimrZ
382,QmZ8aUWjibQ3evy3ScPyK6UeiwpU9GBA19e1VcLUMuAwme
383,Qmf4srDyDkQ6YNqTfGhYYVJrwYCAE5eBjFJjTPv1jJMzRo
384,QmRLr4Ezvzj6XUnMEwuXvZQGMDwwxqR8xjfmeQBqjxBATA
385,QmZm6Ty9FrNkUYrgVNvy7ANpV8c3g7Mh7UMGnYbsWMZY85
386,QmS8ncX3pYfHRTBwmNtSmRdTqvbDx9PgFCuAr6btp8E6wo
387,Qmc8reK6E8E1Ykh5NY3927XkUaRJWLTK6u82hXGVRMVXQN
388,QmUQQr6hLgkjg54e99X24nr5kAKUxgwAFEhuQABxENkrGP
389,QmSQpVGjsQfC9t2ZAj1qqEAehsHUGd23znjQcUYE9eLqpt
390,QmXtvTJ3n3mzag59K3gV9W5og6nu52cvBPkMumxFv1htdY
391,QmSsFqdgfZTQwEfmHGubHkAYoWtfWjvUHgqx8L4mZFAbvL
392,QmT2zsi1cJuaQ5Njy6uWWaVut3eFWzWonLqrei6JXkVwU4
393,QmUS9FKEyU5TBUGDjZ5EwKNbFCTSqLg5ovSVQXLBd2QVR7
394,QmamGagx6w4kqKnBe2B78dUjFjnzpBiuexX2RJSFB845k2
395,QmdBTDuDNSCsaBcUqGKKsasCgzQLGMegX6Pruvb8eCbdz7
396,QmNrifAhTCtCpkmVf8wWbtHJcqthVtAHUKyihb3QGLv1sM
397,Qma2gL6wTx8Zde4FXg6kNYxwtZHjFzJihnRRcaf4Fbq5GM
398,Qme2UdQqB7m37JiKz7YLYAoTz8Dzd5R3eVDL9baYSbyitR
399,QmUhFQ49gtgy6SxAstYY4cTHYuGJS9QgsV8qn56PTR7PAS
400,QmRx6VYjWSCJmQHsXjYiVbMmQdwsnW64EugwRpX916qNPY
401,QmR1JbPoXkS7qxpvzcs6jtuwLVmGxaDuZQsksEJKWjEfKP
402,QmQicE2c529DvZ7xhZattetCVwfCE64uf3m23hd7PpfCfz
403,QmSk5y7SbVQ3fpWomRWTT8tuGkwchGK79d2ADf5uywMYvF
404,QmVSciVsQSEPtyTH7KvVYGHMyuP7yXUkqCptxRc3auqGqQ
405,QmafHjEJaTrnxPNBH7PtE28YdWZTgMoQGs123G5tZWHr2m
406,QmRtUwR28rE6hCqDUy3WXCRZr8F2R2yDBHtasJmK2CUFKf
407,QmT8rkH534GxSEeRDgsjQ2oiEU6Jcit1A4E8zXF6HoRgJM
408,QmSNbkHFqZpgHzT3oXj3QFXUAMsDq8pyz595D9bj9VDVmc
409,QmYrhwq3uXEnCzkz54LZKkwvS9G5AKo24iTKtZM26ivJpW
410,QmYh3577aCNiXJsqxxAebmsgqnbo6cCuDu3dEckU8PPmoP
411,QmPDg1HJsYYQVzU42crDQtrj3x9BQogCY2FEwhYKXX6i9A
412,QmRo2PokW56PwJgs21RZn57aQPzHR73a9MuziHzdyMrYDo
413,QmVd8ZV3hJdLSR5k1KBqqjM4T3AXq42dFCfQcqUPd3uobQ
414,QmNT5KAtF8EatmQtSGbSY9VkPvYrrFPoo1kBztoDQ7hr5f
415,QmZR9ZBFr4UgLXFnUkHnPDWn7FqhpFfaP2dQmWGrMoiVbC
416,QmeTUxdCGFSdLaycmDboaeCacjWhg9dRPDrcrw7hfMBM21
417,QmXtRLStVmNpnEDuTT8zAqqGap43HGvmBk5a1rnRcUJtnr
418,QmPSCGYxDVuWMbZdFgwYCgoJhAyYMCPuAzJHxPUrZ45xPW
419,QmVJuitnciSsTZUxMPiadsky2J1KghCBsgfnQogkTnH2WV
420,QmV99mKGsQXLVLfo9RxDs4QxRMWWDSuC1jAQn3kGLycCfN
421,QmS7uqFN5r3wRFWHgKkfXo6FNwcXRGPoeE1z3mEHPkFQ2o
422,QmUFwQZzb9JvKz6xVVgxjgVfKZL1udgLUyvKT1mL3C1Mku
423,QmbxbVKsLgDqbZsw1v8uRRPewQQCJqE9k5LVWqnN5EThfa
424,QmXqzkpviSiQjLTXbJcPq13DtzMiFE9hAiVLcDpT8f12H5
425,QmNovUvAQeAL4SYctAE8tUL9P1m1ik1PPqpFmiQwyxjxjg
426,QmQcrKiTd3y2MEkvN7Qe8yTjsoF3wgYko1VcFzVf2f1eJ9
427,QmS3mg5Ysu6o8pGe1G9HCNVLTpBMdtb9S5EZt5dWoxaaPX
428,QmZifHRXtRBaUkjJcR3zrJto21YWKCX5avfMXKrEiciHAB
429,QmZA4w8LfS76Ehpao2L4XioYDCh5ovkNr9hdbmsBQr1DWE
430,QmTxhDsWvRLNcW1at8FT3bS3qZMc3VEGZ2WafegGtWhFtY
431,QmSUXEcFVfZxAD9GGHo6bg9XcSiac6egE5RUi9wufbap3W
432,QmQHbf8sniPbdPaHxyPRAFUxVH1Yc3Xe69AYLViq996NEX
433,QmNMbJCMjsYFRMRmsXxpsCphEuCF2MRwMHojPHnC8kLC5i
434,QmZvJ3ta5AsF6Y4STPRx7oJGTdaLnRT8fPKbd879z9nnCE
435,QmVn7ahASqi4qrVELkaunDBrDwt4me5TuKrFxuxShVuHob
436,QmQiJmeaqKvPUnaWUB5gMU6Mi387JiDevLQBe87oufZ5nN
437,QmcWvkiB8rSJHbrxZxv9HQMXZDftGdN9S3jtD4b135w4ut
438,QmYfTH8zsdBhFzofJNLZP6DH8iGdSVpS1g3eeCV8pU5Hey
439,QmWqqamafyj49uspfWyqUevTiLNHghzuyWfSWNrwNcxB8a
440,QmPoeUuS8vNkRQ4vX3ryQWsmBHdKfkGqrq9mYJwgadYyoc
441,QmRJvEb5qMdTYuW9C7tx2G5qtXgZ9i1pPPKwcu6Gjfn5g8
442,QmZUraxPEmeE86J4rcgVBYx5DNqAQKa3aiF1AKjBweMyHc
443,QmTzAaNTN93PaHgXN13shcWxCuJ1S3wwYqRBVkiy2sfeQF
444,QmS1ff34ykWdGSTaXeJR1G6PWFFZyF6fM33eULaJX7gE1i
445,QmWapbvshnYWZnCvBoD8d5nKUyVKVhiKdHkW2qqhG46L8q
446,QmPWeriq2ho4qzLRQ28nutHnQEgGjrdxbsxX9AEnwC15La
447,QmV7oCcgSjmqaJFEkKRoAZgXSZ2SKh4Y3z42nUeBAWBb2X
448,QmSaG7bLzbrerw2TSgwdBAe84Y5v36eEyVtq5f3M1Zrccp
449,QmcLvqtaVG21EWK5MqvnsyfGuX3Tb1zqDQJPUsUYHATiWw
450,QmTSBmgU8Za24Wt7wWJioy71qZMkXwAvo4mbXp3j2NLcqV
451,QmNaJrp2Cx6QTAAcpyd6S8eKMwyNJTdVAt2Vq1J2RbpSBg
452,QmWpUwix4Y6PhJwp5UaMQNjxCWrELjXfCSxKmY9Sv2KkLr
453,QmdxNSqk7BSUeA6ktqikQhcUMc4kJqRcYCEKXtwrSB4rPF
454,QmdCTfN4TootzEaJPtEz3RGZTSHtRi9wR2i6N6zrvekH6P
455,QmXFab2ezhJmX2jczK9Gxd5WK6xhV4McD9x7vmoWRWvEbC
456,QmbemFxYcCgfEhePcEHKm5JgSu7NXAs8sSrfihATf6kVBP
457,QmS9yiU9nDtq87JRdAskvCBa5mv7FFfsWhCsPTFH1xdRwm
458,QmaXDs7L9VwaUPB9rHnLtxhPKApxCaahuqi3ArmjQSeX3C
459,QmXaaquTAw49jGTpcHnejb7LZjaC9e7y8QccokAB3kX4a7
460,QmbKRTUxujQJ4qSBasNEXG7Li9MHBG8QJmYDHDbR28UYSg
461,QmdFHb9q4FYv2cW9GnShdEeKvHoyNRD2cQA1a3RBCVnaEH
462,QmWbm9QmSKxEL3tL5Nu5wHVwDdHy6FGcueyDxHm8vCLMyh
463,QmRg3ngTaYuXzCzn9gpSUxxiFUQbD33acLQ8duiErxNTZH
464,QmZdH2nG7U1NXZDxp4oxeLqwh9DQ3gQWDjN6RPuJ541kGH
465,QmeHyEUc4jFDqjAESrg3ZhLHrMpg245TBpB7xpK4p7FyHw
466,QmWM26xTommHAMtrFZQckbwbW4P3f8ULT6UggGucJ9JYRN
467,QmNvRhejeXhX3jSRxq4Ngg6SjggsPVjZBcaqvJftDUn8kc
468,QmSu4XziUtwrkpC9FNVaLQGSbQTuUCZM1oEtfP4zz6hVrf
469,QmTKJ1HggMXKjHJ1uGXhjxeVZnBsBqKgQ9ZzVXpNy7zzKd
470,QmTotYmQ13BV19PyuebW4BpTUEUTiffXYJgrYrb5emEE3M
471,QmaXMCW6S5jqXeizTp4Kvkhob3ne445S8tviNUZovjZtZ9
472,QmfFS4qs2GKf5swUh5MLysZhmaEpbQSFKXGkGt8g6sNn2q
473,QmdWh6tQsFti1oKzLQQTFKUZEJgDT2s2Jjbs9hxRCqq9LY
474,QmNjKArgfcVyHmrgNK9zU8oc1pBXtgBRYPSDgEFhy7CWsp
475,QmboGVdWszEeyn8MB9HN8GR9WzEsz4TkdHY4NiM9GxB8gf
476,QmcBWp8BzvszZV9bSSZGHspaESESqPACG2M28P6DoKzRwm
477,QmXGeb37FMLAeD3KruPrVn1oKfEsge3NQdE2FjsyeUwbSy
478,QmRDpTRNBDjZeAC8NVgEfgRqqmPCbhUWF8TG66cTTF2XZE
479,QmcjbK97x1V8h3BEyFA38GH1TLQnGxUpFawLF4s3SFNrXj
480,QmaLmkCDFmqM8xGd6D4miosCXrWXBr9oVUykxnesjYQGcZ
481,QmTmkLEgC16PaWiWJnpFt2PQeD9bFgC1zF4nXeTXEGikfa
482,QmUEuTq8rTB5o9CwpaaruEYxkfeS8rG6DwtKkWcy6ajMpq
483,Qmc4Juzf71ZkK14AoM3ZfVD2UFP3PUSYntBjZ1GPrJH6dW
484,QmeQuxFGGzAxWR6VN9KBeVgf9d3YgtZUDmuZbu3t95b6Gu
485,QmdL8UwRW1WKF5MFdWJJ6HRyUZaZ6cAsEWAiMUVR63yRAz
486,QmdZgmcxrasEPSdN5KheQ92Un8LKj6hrt7SheZ1xQEwZsL
487,QmZQsShEcM4KPs8CVVhdJ5z4U61a5YDyhATQfFWvaKmXmR
488,QmaQimNjYCLk2BqMmyx1yjRPtMDvTAd3WYGGVxbNace9Ct
489,QmdW2t3eU5pskpApvfgjAofLEVcKiTFM6F7j7dFW4L7UtD
490,QmSwKhxeSvr91jiC4rKCn2uoVhjftHNJgF3JKeKdJuT17G
491,QmVkhCDpMbEd9BZ9zPWrn9QhXfwHXEZ5A2xVdmP6FdmF7V
492,QmYBUrBtSwXyXBh2t7xMNcNQ9ZDtpqwWfzKj5H2XBe43Mr
493,QmQqrUCoxeh7nN51MpBfvJb3BSCyunNH3kQaNXXXrwiNCh
494,QmadgDjivNjvNRcDhtUCUvjWBarxZEZMfryhmVehPCCC2a
495,QmNQQsq1TtryGMjYa3EpyUnkFXYxTWjj9r7ibbRo7Pnfp1
496,Qmejov7X3jgJZPVH78bQUGR45NrExgxFhwZYBcdJ6MY5wo
497,QmVJUnEmXomrUc1wcda1hEZVfoxb7YuzV77pa1oWBtrgtW
498,QmVBPjYJzCVes264S2BLUxY8pxZX8YosFRBAsS8fsSfeMg
499,QmVrFb3SwRMYXEcbDbr5e7ARrxXsbedXGFuuGcJYtZWY9J
500,QmevHdwXGrfQYUZ8hsBue85GbSUE2xBVVjB4Xzekqbnj6v
501,QmTAfihErmuwFDLZ8cPpwE4YNT8EGmmvxcGLauPGhVvZx8
502,QmYW4zDWDDqDNEuKBufMsrPWbm3ifo7XcCS1ZLR82QZNiQ
503,QmPtZ171xPv9qf3fHwvphbh4Fuwi4SPAXNLddWUu4mRtiR
504,QmZKxh5Axaiqz9vH24DReeWGHBJsmGHXXXpcrERgN4invr
505,QmfEAaBmj5j1Dw24EvKorjpSKTWKtkGinux1ZSF8pFJ1dY
506,QmeR8QYjxXAXYyBPw8JJ2dkbNax8ngduT9QYZTSzjYb8cY
507,QmPEKnpNnMMJnUGFgwGtmwD8eqieXiApA5S5RuQ7xEk1LA
508,QmcTD2CYTBamp9GKQjTigHuksuVh5niiaNhEaaEE6bd6Cn
509,QmempCwQskRYGnT7JbYqbfYvamk2tjpG3D13AwZEewANnk
510,QmPDTUn83sEXEVvNu6Rz1SL2sfuHJ1nTA5YfHJMRfcw5QA
511,QmckWLhmVjrqDSDGNJn5cNEFmzPnrXzHCX5PfHDt718Age
512,QmbY1hPwumAauREiHRVT4vpwG9vydVuogSYgQsr3F83eNu
513,QmNQH53DT5uf3KatSSNV8n5AEXp3hv2dKGEkb66WpcLvar
514,QmZPEFe7JRLkKePTnx5qtQL7k3Qm1UqG4U3dtuC1cGR3id
515,QmTBaWJVRtrCRT9rArQKUxy5kVMyTatkBKUxLbNpsEZqWc
516,QmbHTrc6kaLP1CE5zUs4BeMivT8QUtDmn2RRhfTajevvH7
517,QmPgoTSMqXibjBP9rKSV1Ddy3xCnNKpHXeb51J5UHj8Qg5
518,QmXVzYamoVc5s6CVNYCFDyxn3BCnxh2HQvD33dodui5dTZ
519,QmYVwSu5B5q38qouJ9BohuDVTTPPSEuddsW3JG2x3Epo2x
520,QmP26E3gR78S3Ucn6TCf6GB2cWNTYnBiFkzXPjyKAgc1Hr
521,QmcU14jwjuFKv4DJCSJMzYDX4yUmttDLVc8sAfSVcvPEFV
522,QmTxZjqW12Ws43APxwQEfYbed3PFANozjL4rmvq3e9noH9
523,QmepJVVkpLy22RjS6E22oLcE87Z2TyXccdh53VHJAAuVju
524,QmavTZaibA4vj43wE5dgH8QcGj8bnXJn1w9qWACnTNYX3K
525,QmNQ1UoXTPEa4ThkUs34h8tRx3LtpQ7FC9F5DJizhQ9Mhg
526,QmXcWNgCKDUYDuZZjNNnDyThYAPEA6n3ngfCqyy9v1T9nt
527,Qme69WkpUMyMjFvfoknEEP6nUbte7UhwGt49CoHDQRffqS
528,QmVS292dzF4QVhGwtagUeEwLfmsdR6JKSGArzdd8JgB1eg
529,QmTqUDeWQfpBXLUFdp7YkFK3DHXYSFpUvmbyhPa9MEmZRz
530,QmbUpFPJzqWmEoHPH3w9c6ghvWV5VVCbcrYDBF9U2R7ZmT
531,QmcAGJaa946s4gW1SsuKAHaqbV6CjCjt3p8evKkAt55T7c
532,Qmch59PPDQtSTexLp26dAk2C4Ze7wEcmJbUGN9zRSM8SDo
533,QmUKZUs9bnvFEgqZNGxijaXCpfAK53CJ8enCmiCVn4fWik
534,QmNu8bioF4MfYooxK6BNH7hAULkBzEwi6T7EXzeji3icVc
535,QmV3w2LWgaGZRfE2fPGEfrPrB37A98ttgteZNEPibCFZZh
536,QmQ8Y4WPPe8vD7abpjS7bCR4ywxdkY8o5QNKiwXjM89ffX
537,QmPo3ZwyEd1Nj2FuXFhHeSm8Lua5oAcRJBhfboBzPoFHTn
538,QmNiTmbiS6m6CPZ1bJs7KJjFkvg2z39NE3geLgEydxrK25
539,QmRmRhr4BLsXuZ5iNdrRofKuVFPPPa2QX8Ysm5chktgSQm
540,QmW6ong3B4D47RFecm6QNkafc75hUBAr1NFbaqFE91TEGo
541,QmYWtUH7m5J4RDFc7MXdChHT4ADwpyjcLaHujcY4Nq4uc3
542,QmepDvxvdjbTv5KmBYjSihiBwr4PQZYA1jkFgc5chjbG8c
543,QmVYjnqvScsf5fZNV1bXYMuoZyFRkR8Aac3g9jU9Nt4WCj
544,QmTAbx289mz1FygaHePaFs2HWLhuU1EnGANJpcBkNoNWbF
545,QmQsbmUaSovQeYCRpjWRYgxywbvyqKbfbuMYraynyrHNZo
546,Qmd54hbRQAqjYtjCSciGWosqoJ1F31AYY9Hjj2aBZhJPNB
547,QmUdDWv66tva8yyn81iX5iG3Dh3Q78aA3A8jiTpFSLDr4B
548,Qmegv7UpH4dK2PmNZvodVmbMcC8HsoKCNWxGpfVZyABidV
549,QmQFVpNkfNvChQX6NPxAM5pEbbMsf47KgHeaEZrj3A9HxW
550,QmdxXtqWhCmQVFA2p8iNzR3u8AHvv73BomSkoX7oQM9mV9
551,QmPEZ3dm9SjK17dh3Xh4qXuCCguT7mxXye3CQf4RH2iATW
552,QmUhAPgBGJmDGAr8jUZpMiqHsngmkhnmVKxBjzrR98seWc
553,Qmev1QgsS1q1BkZXbEW33kLqeW6XMC3XnzyAhThQEnLvuf
554,QmQwYFeRuaGxTBsjaSdHTtHPrEvr3uAKzoP2dFnEn2vqZi
555,QmUpQ4aypZCjKv6ovrAWnaHAAwDtwhYx5u6ZMBJFKDGPHf
556,QmW2BDrjFT22W77C4k9g22mZwkjczv8PrFc2jDBe5C4tBX
557,QmPMP5ocLGwW3wX8LGexr3oWpjw8Cjm65UrD5UF2gojvwP
558,QmZd2vqeDoSRn2bdpNtPM8G1wzvWwMMvQnDhYfpaidEgKg
559,QmeHtVvAGHKSWDub5Xud9uzRBL6jrTXnp2guJFAhAXRYKk
560,QmWHb57onh8EiHBMHh9Si8XphGihwm9NxfaFUBc2Nb8f9i
561,QmbvGRbUPFmbBnAtLhWf8Ua94rh7hCW7iyW6RdzBabMELx
562,QmQbbXyuqmAuJGAwQorJUrtLV2GiPAtXBEjc5oWMp27xDf
563,QmbCu4jCPifxTRdRGdp5w7c4FGSQ6AUcELN6b66RzJEmy5
564,QmQozfQXBmzFEv4T8wfTWFCEdhrDndLYjPgakcJB428ymt
565,QmR8kTsBj5aswUdS6xnD9JBcb7w5TBYjvNVQdPheWvmVwJ
566,QmYLxTdu486Gk3uKFrKga6zPjBfKvyyeymi9W3TYLJn7Ax
567,QmNjgNtMRYakFLzGFAP56YmrzU4usNJJo3wPrP8gzfZkoF
568,QmZ4tEAUSj9qVWm1cj5dCNSkaYnEmAgd642Q9Rzi8rKWpo
569,QmcPXmMWGXi19DuyKw3LpQkrBkhSmSHsFV8kjCxn6JVaLw
570,QmTje6KPD6mGbaGH35bNMPYxxG7YGjtr6AbKU6cfsvfqzi
571,QmcgFPVpb5rYVYSWPfYiKcPuVuaRdm7KbSBLMjCYFV5bFT
572,QmdRLMF1PZCQFCXY7WnxwQCJfw1W2jMDe7gJ1g4bhjMpL8
573,QmR24ofCt8rigDoxWp61k6p2MaZZjWiaxW3VChcPnSCvkH
574,QmcVyzoeN95kRT5FafUR6zafdeXmZ7dnpCSbvoHVscNzVT
575,Qmbu1rYPcNsNPrHLfZiqt6v8fRuToTFyiZrEXnTNxgoLsR
576,QmUzVpuNisAsSmuVvntQxyqEofNiVZ4uiFinLNMyizYWce
577,Qmb4xi5fVrFenTGbN3cdA6gwQuMdgCNBi9C3VxDDetiBaN
578,QmcTKNfAmMrcDZZvHVwyzzCU2dwmqVPVby1jAXpyp4AGYr
579,QmPt5dAPR4ishC8QKfB9euVnJoGVrkQn6Swiy8caVfsBZ5
580,QmcNVF4TLq1fiPT6mWEnXHVcBZ7Sw2bagNSp4gDfSLT1n7
581,QmeiovMZxcJBeofdyQuDF1sdtBhU7e7z9YmtPWkFVjDFqX
582,QmR4oxZvn9d2MgTndCz77w3DkeTrx3UyeaJJyy8HXUnJC5
583,QmRBtNMuNZwQH56o3gK1UaLT2gKXP6V6JKzQJuwL5ronvF
584,QmQpsmaWpi94k84EBFQC2DyYPRP3FP6XUozwhWMh7doX75
585,QmXFFbMaeJ7VTJnEZKoiDDuaMuy5Uoe6ci6B7NdCejLpJH
586,Qmd4RCXvQg15ztkyNA7hW4DRzhGTgC5yrkvnTo6xHHqLsg
587,QmQ97aUmFYi1Q3L4MzrWVndFmmGneGKHZk4Yc7fwATtGKN
588,QmPZjVUTQ2sC33Gv7Md61UTG6cuyngDamiLUQHsFkMwbgY
589,QmPsszps83756ELdLtdbaTzMjuLMCWzutt37STANBjiS5x
590,QmSj11LtRUBvGrXhBgmF3SpY7bgWhb1nQDXsM9o43jBkpn
591,QmNftLxcacCfFkwTcs2JCSU1gRw5z7KSJiV4zAGT6dxArD
592,QmNttCAyTPZGWPYkWXgDrosu8wca6cYJRHQqLjCfUVCmv6
593,QmdF3bXsuoN9YYbAdZuribF5mWEYR5PouHu7mCLYY1gMSr
594,QmbhLgc3MAXSssGgSFoqLvg8U32hUtRDpaL2CyPZ1GduTM
595,QmPHfsKcG3t322UpchevUDF5WGix6tp6wmwYixnE9XYLUF
596,QmfH9a6CYdXqWM2SU22e7QQ7i2zBRqQFBvWc7eKjeRAJRe
597,QmS3QrRA6G8kYmVnE4GPvFma8AbvFCEhg6d3vKXefwKCkJ
598,QmTFUwbZX1zoT2XDhKMzi1dCPTaJMEJJzhhHhU3GNPwHGY
599,QmcRU7eEi38JayVD6K2UiBJrBC65RkEmgeFsZxpWYzyWmm
600,QmaFpjPT1HtFhr1Fz16idGy9NAiwMdbPTaoZzBrLF16FZh
601,QmSGDhfzowp8348JEUwVXDd3iwWKEGu8jdicFKU21ku9KK
602,QmYXu2woe9PtSzQDFB8kdGjUUs76sXvQBLruYZPJmVgk2w
603,QmfQUpE81TUxtnxEC1ihg8gfPKUASj4cfw1hJQZ9vijC1S
604,QmawWFBfwJJL2jJw9dPVDGdwAFV6njiqGsk9gXZghDkG3s
605,QmYv743P6iJzgBnebFu9nQt4hPQzQWBv2H6DuR9TJYF6Ma
606,Qmd8Bwwp98iuJcgnLoANfb2mTpNYrpyDT3mARsVUAJqekP
607,QmYT4VYnP1sdVNS8jHp9FR8feLmABr5ZL13dohx2KKStmu
608,QmNzFKDW1ASfr3M9AmUqX2znggQjHw4xKPpkznAqKMxvoi
609,QmYB7Hgquc42cNZqUvzAfV2ytUhMmvZKoQZ49f3cx3Zdof
610,QmTjcWd4sJFZpRqmoXgwt9o8pmAPmtdCp73Y5x3QR7op1y
611,QmS5sTdHzAx3BBR3sFcLsBUNVZKvQk4We6jmvFy6PWBBMq
612,QmaQV3cJHiUhUMn8j4xjpJQ9RFwuf63LF2GBcMMGhhPMuf
613,QmXae91UNsTU9vj3vf2L7AiCNXRoGMKCPVGvmkjNdqRRRZ
614,QmT2RUkAZcCcwvHaihYYNLJAQAWoj3pjUMr8NKGEG93pR1
615,QmYDzAbMDVNUyiM8uo9dbjhDYNHpc288gLCaxdmFzNj1D3
616,QmXs7ee4GhChhUQv66ofNUXJAsvatKCZhgaKb8dEWBQC7S
617,QmVnBwDmXfQwYDYfTiTZqrfrGJZY6LCVpfL347wxXWKwG7
618,QmXTTCLQsA4Lh11vzHMMiMu4tvj2Pc62gVRUJ1x8g331ig
619,QmRc4JaGufBYFVbyLs7GTW3qQcoxxz8ihSF2nxU9hV4qrU
620,QmRKDLvzSdtmqA1Sc7HqHZyfNgBersjL17VjDQFiDy9MoF
621,QmSVijvLnCkr8D1D5DAoab85Vwb8Q7raCz5H4aBBaXNytz
622,QmfW8rh2KS1CTS9vv2h99abS6pjxh7TspJpuhQh9S9naES
623,QmSF5pLv6GFwMTj5ZRTmp72GQkMk6ZiZbVmcwBtwVCMVTp
624,QmWEpFs7TxcHQaZU3a2KyJZCKMphzr16QuT8eUMZWGyRG8
625,QmPshwrghMLVcTjsi9SbMxGBUtBEraXXp68tWsHs5oHKCd
626,QmQ9oCWLn7VGb3UAsPq3yQ82hTzydfgUHfQgfTvqAJ9aW3
627,QmPnC65zFXdzkqwexXSPkSjkCEUSkuFEZNHRFdr1FLf4QF
628,QmWCXZkVQ58P4Har957zsXfTFCteLpTks8HX8FCZQtfa4Q
629,QmYRYbKPmR8LVJKFQ4S6dDKDcMsG5UMhriZtGChiXxP4Bb
630,QmbY5Vb6BUnYDw28gu9sP18VcijTEpMQD3zhhYmW8QhNqb
631,QmZj7V9HKUtqd7Bb5NVYHxDX5g9H5G26AVGNXmQZ5QJXFQ
632,QmfL7ZNgTU3CHA7Fdcj5WLY8eWGeobPKtinRFVtgFMitih
633,QmQ5RP3iQvM8ypo7ai2Jt32jy4n96AjyrwwbJbxJLbzMcD
634,QmQpcZBJU84hD8iTYyyaoRrCvyq5BPhHh2h8fYxyC1f4YP
635,QmRTjExK1UoZL8eksbtqPjxhcSxujqxgjx79qP1BDrnLJw
636,QmcgBtP6xzqaStGMk4LpHpApTVbjzyAfoy4vcrUJhPNvPj
637,QmQYvu3dz72ihsvZxXK5fhcfjeCucs4Mf2WYMyiFueba7k
638,QmZPDSTJvTosUpsuS8ByofZs34gReqyBVYfYAsmHuCPAek
639,QmRan4nznJH3ZuJP9Eyr7Af7wf7nbQmLQaZLgwumyd3AM7
640,QmWFRXBf14cELwRMJou98xucQMxaZYCDBi42enWQ2BzH7L
641,QmYe1jKkzd4SrKbj6LEiQhxCuJdyXoUbQJ6UBYFBFzW2Lj
642,QmT6qAqNrSrqyMtKxVZfSQjofkiuPskafFyAJjU3aLyPXW
643,QmbEPDpH1kTKz5daUcMz2eoFYKHjAdw5b2uWA87W2qMiJi
644,QmXRzXkHNyMHkPyXMzW2QKL9wG2Qc2cxZJJSXmeDCR82mj
645,QmXPhpWxPwFQyo7FSVkG1BNqdbvuELhF1wE88dVm2ZSiA9
646,QmVHmjDyPmkGUMhdgQXVD8qyp4UXkRZBcjRfhGD1d23y1N
647,QmbH4E7ZKVMo62NmXymGxaH3sTA4bp8Ejp3oY5JbRAG2Xj
648,QmdPn3L9eJiG6KyUWQ6o1kt2psF7YgpdDFrKsHecMiSukM
649,QmYeH7RponmLLk9dcGAsJNZ9PegZVUdf2c6vt15vf28Em3
650,Qmdmte2Kqva9GnqcomP7vWExYACuwp4fNFSeZx4RKL1B4H
651,QmUuspViedb8UQ8bet62bUeSJ7pZEPz3AKqiaeGyhnvSiF
652,QmXM5XNiY9WNJw6JYuG5pqBpYemWGUesaGzByPR25MiL8w
653,QmWTnxZAN2bmGUrH5NAD8D6GD1nn5UJiF9emosNAJRab1Q
654,QmSwAKHBiGSy5SEgXo6B4d1BsjTwNrgUcDHnf6bYjmDwkp
655,Qmbg54rZLZRuh9CWg8zdDacxvRi1sAxdNJTR5M8XaU34n7
656,QmbQmmAZJ1hgFrQoBgBb54CJE4dkbeq6YqhwFZD5vY3Swd
657,QmUat5Wvuwe72EofNTeSBjczXzJMdQ7sfM5JngnRa4LgmX
658,QmSRpuc6cbYkSgSBfEAPomafsB7zf6HBDH2abF8txtoWWp
659,QmUKobBoAEdaEqDYXJmU5k8fr9zMVee3JVAHWFPjks3cWj
660,QmVg3rxivA9NcaTKL9Sco1BhMG8Hs2HgSZ1vFyfT1JGijR
661,QmQ9WFfmajdNbeovcBYSY8LEBP61yrtLkheGqNB3Ng1Cqg
662,QmYBLJ4EPkXmMduFn7LGna8vJrp3xdaMgiY3dXH2MfwE2T
663,QmV7skYZrgkMxdnGdzd4VRhHEAPj56PKeGejwFJLY7GE1i
664,QmR92eBTatcxxfmBMbdEWkx3RJsW7mrzjCWSgNAeK1qDBo
665,QmSjSiZGNDeFMgaL16jS838NnQFi9eAnqmWDYiH5kH53EC
666,QmNdcyDhXS3xPxHHg2YN67Fz2cHvxWisptCH9dEaRqui4y
667,QmUiizkpRPzP6ntY9qArJceKpdQQoZxuHu1C5TYydxY4ji
668,QmQinQyWvMGgbnztWtcDmqckS6xxz2KgU55e86EX2pwhAF
669,QmXGzBqDsV8unJMFVTSAx2UqzaScnGvM353bFdsAFkiX32
670,QmaBmyNS5naUR9f3UJzX6491RjjDf66CWbzhPJ5GcYGHzU
671,QmRX19fMxtB1JscxxB682s7dFrRJ3HFdiHqM6NGT26S6dK
672,QmcA62k4992CWEcTKjDsCq3NhRVKRZbqxqN9ibGWVnSe7t
673,QmbsvpJ9Z1hoEVxQDyzzGkdbFmYFXMMQJBboy6Kpph8Agi
674,QmXSdkUpsgKFL52912ujGfy6rVFyKVHkTorPkpBdpsaHXz
675,QmV8Pj4m65h8dMg8vpLabyXCyCJrfaXbUPp1tNu53WWzbs
676,QmRKUNphSRtCRiJBUCkv5oc67aWtuX1ZcobbUPTn6HuedG
677,QmaT19HGm6Fn8zmQEfa9neTNLsy9xUcSSTruGThQUhwV8A
678,QmT8tx6CUreSeozDUSJRCqdKR7NpG3uzSVX4JsRpYRDkRV
679,QmQWouqeTUPwSp3zzshndaMUtmvJtrAhz79dXJZ2PcC6eD
680,QmR9eAzfwwKdA22jvAmWn1ALYcyefAVXDoHxnracqfjJXi
681,QmbEp2hn8nWfsHP365gv2JvAx1bvgwJNjpe6xQRrXCELLz
682,QmPWbMZSNYcKjz1ekti8s1ArE4eq8FrfWQd4WzcUCPqxuX
683,QmccgvhFDXZPBsiJ9kpJzHB3oUaWEweUJM5RQojeCmE6YD
684,QmTcp2D7m2byrom4cUPtxig2oM8fq4xBVk4XQ1tevuzcoY
685,Qmcps8YJvn3jTYiLDd95473HH1QiCSxMq1ZMermNY4egDk
686,QmThDHoa2Zn2Etfpw93VRagy783sam3p9S1XP3ccnWyGtG
687,QmSLnLvG4T5YnmfDM6Pu9vv7FTiLPVQpDM9CrqWXwjRwhf
688,QmaNL4m4iyQG9JXrajHuv1iHXohf95EgUpeS7hc473rKWG
689,Qmb38vaLPbwm9oyL3vBz948PifP4n79N6mPrgq5VySec7h
690,QmSUCyXnMZFNCyM596w8LYKEp2iUURouKPDqMZ3EuFcdn8
691,QmVwDa5JmGNekbSFNmLKwNjRsPzudeKGXtLwwdcBxWWPJv
692,QmYmVH5cKteycKYEiGHXE2z5WGboheMCq74gYJ9iyreWWn
693,QmYqTMtiS7m4kNo1B4Hz4dtdi3ZAE3xDfLKNb9EEgxj81U
694,QmPVrV419PzVSejqixwbquCWFjWQbFCeCRmX4Tu37JAjmp
695,QmNxFNEpPKMbouCJGqTKyzD8kJMogjwiJqNLGYAH4DNmM4
696,QmcsvciqVmDGNy6iUB5LHyKF1Kb8Pa7Nd6r1Cruhgfb3mH
697,QmYeveCCsrSdZD62feack1RLjZz7ezeT7Zocfdd8qE8bUm
698,QmdyHFQKemY856aqPUFzLoogNWdkCuvFuq9pTL37zQ9zDB
699,QmQVPLPwa2uWCcf4nf2gJXP4yKRKktz6F5S1vPB86KdEpp
700,QmV91pEzY1ktWZxaupqJwkZm55VBXLU1pWbc36n2FAf1LP
701,QmNMHA7hHmFyDju3WGuyHPsuLLqLfwtkigxe4UBVKWxPV2
702,QmfAgU3zTSi8EfiVXfD7krxSGSXmk5iHhWayvx3psGrGMZ
703,QmXp4TRTa6cNmAWW12WxVSmtqj7UnnnN9Cp1CmrNfoU9L4
704,QmPBq5NoYZUNUS2x3z8Qzp498XR2kqxLEVt4Pi7ZQxp2k4
705,QmPqhMqLb9wwSkrpXkeN3Ee34VSD1nw4jNvpoUVvsdMmw6
706,QmU9LZ9ZGJffRjejTy9Rs9u9eJbGeFsmhjDZiJsfHd367X
707,QmWYQ8kEnzDtkAXQ44X97W11ZQjpm79dWKLVwdN7tjxqWa
708,QmbCgM8JeR6NHAn3H2SKgysGdsDjPsLzgSj38xoPQF7mMh
709,Qme9wsuaDWadWfpCpDtZFvuvdVk5Z89NPL4ehjzwm8LTJr
710,Qmc84Yfn1xK1jtubM1gQ7vVGtomUTs2UsbBepttS846Kb7
711,QmV12UwbvXHJeW2YK2NCpvn17coidetuZ91GTZwTU956B7
712,QmYrStWgpL22YQtTZiULmuTt4F6T3DLa7adr47iUx7DA7Q
713,QmNVyJTJ6JsZ1H8v3DPnZNeZJsK8EG1L2dHkJeeJ7WksXi
714,QmcBLv6vag2uViAHCMvfTi7T3GqAGLqf7eBR4aik5UoenD
715,QmR78LkZUn8mPSqVPG8BWQv6ci9dikcitKzbQvVmMG7KYd
716,Qmd4y8ZyjVHyJybXHsuQAEaAWhqua3hwjke8PB6gVYiz1u
717,QmcE3or8212Rpi66xRUrfMt7k1pJyuC4RsWHbkQejdJMbk
718,QmPz3RT6ay7kvY6V2uqfv8zKzBpVTY1AGkN5LEubXMQNVa
719,QmNzUcY1RndmGyL1voEKXbpn8nHSbbQteZKu1x34vpQint
720,QmW5ho928jn6EdLoobLqikLdLAjcFHNzLQmwoknH3RpVbQ
721,QmY47jMhANZSKkY3eNn4Eg1mdNkF6JnvN3k2sCj3YjcJDZ
722,QmRSXiVPLXmh3RBg8znHwLxQzXLvDous57t5NiTcqYZCoV
723,QmRtyu19AVrMQW16hqPpaZYhUJx5EXScLkRcZnhakhav8Q
724,Qme7gDNT7qvKpQBwGx89k8n1GSKRcvgy57hKAk87bvAceT
725,QmZRWuGdpgPmLXSSTZA8NfYFfspzui88ddy8bawcDfXjCw
726,QmT2FW6RQXQydosmykw2QqW3hcWrHVUdRNsQ7stNu3H9t3
727,QmarRihkexDKUpk2yJEeruc2QcKdgGFgt8SmKgiz3pDPrH
728,QmXu1ToZft7vLuB6FyXYcjTrs4soCk8MPK4kqApxTxCsqc
729,Qmc2jqZDeaTRNRmoEF1D4Wtbvwgg4GiWAMrCsJt6Bc2EYZ
730,QmNtVkYzyEbmHLZeYpqfXGZzB2DfyzCxa3fLJnWRxxamQ8
731,QmPjBdvfMG6HdxG4HYpTVuhD9TUs5rk4Q86qc1fZwNG6aA
732,QmfJWQDDGXCWxpzFN6LgthaWYBPqDeicuzKK5rxjhTQfU3
733,QmUi2tVNi25a1vDDdUqcQ5t8uCBcDEbARjFoUwNqHHFGhj
734,QmQnYaB94WtdBfi7RikRaYUMBJ57x3zJEawvTkV5Aa35cT
735,Qme7CoCMjNRHUXdbuJeQ2hQ6CTwET77gGTPnypf82FyQH4
736,QmRkPTM7Bzxx2NAUMnfUg9Pj422ZcfagR3FdwvxndrxeFy
737,QmQgquDP4uWtjRH2DiupTciSXXZDPUzMhw74hR3ejLy2Am
738,QmURepJT2jpuz52tBBqroygqAZJz4QtEAfo4PtXKp6tWLT
739,QmbkCn1Fi57PL5GDBRme24XYR6hzecWM3U32h3EeEvf1Hd
740,QmWo99tyGGvH7563fXnsyknZBc1d2uKeh3pMCHqRRhG4HJ
741,QmX9Z5hBZYfnV52WvtJxNBxAm57mgXMqus19fE2CV2PmH1
742,QmWWQDXBFRdGH2g5EXdSaFzGGn4n3Vv8CUt5QHGjnjh9SW
743,QmdKcfjB5X2L48fYQjD6C9oQuA2u4QaDvCoHperzGUon8C
744,QmSRur9Rk7AL3emoUrmDsPvdWnHVjCiENQmM3w4NgXw7nV
745,QmcANqwQoEqn3R5gnsJEVGHfGirak4niGSu1fg1qx8ppMd
746,Qmf5A8yrAtWhaScqP5PWkm1djECTLtfwT58yrtJoNFrcJy
747,QmfNd2whhXNDUL6mPjbtN9ufFgf8mBbGdzu7kQTgTmS9k8
748,QmbhSKBjVgJi4M5pZSPMkrYpEokhkAPxQwrLFNvGzy4Ud3
749,QmWgDRW7HAoN78NJ3TVZd3w2TMSVNSepWhNF3BL3tueiT7
750,QmW8L74rtfsr6Bki5Vm8Uyv3BCdrAm44puG1VCyKF3fh3v
751,QmZGWDp9VJFbGuRHndxwNh6q9W91b4R3HQS6W4YHREbPbj
752,QmZakec11WLsqHi9Y1kpfbspBsYS2kKT9LDQxn4GzPzk5x
753,QmWAe69eUjteWcAbZMKErzguYdaUqUDu6dkwQtRheMjdbw
754,QmcGQwP1psYfrR7AfHd8txUqHy6m7sxh84UwwuM8viJR32
755,QmWwcag4uRHi8bufWyukW6KwpstKXH9Jv2rSvedwB2mvCV
756,QmRdxZNSwP57Sh27JwGHdyEctrp437wEp94yhWizZxyqxg
757,QmZmMeo8BLuLRw42Tc35fGxbWL9aHfe9Jb5ZMcjznsM2HB
758,QmeYD4SALdbVEPF3MqLTqTzN1A1ZhL42cvae1AvMqwPsLw
759,Qme2afhYAWEukamKwETQhxKr3Dj4hX7odEfHoYqajgbuwW
760,QmQtajAYJ6JKFugw7e8UYNkLA1VvGxMxJWwVpr9vVTr4dr
761,QmSRjcpih64DBaVn37LGyAYCH7VS65H9Uvuf93KHRMjhTM
762,QmTCdMeqMDCvrAxrXkCZQQSiPYEzmQoXD87PGS3GAezyCs
763,Qma65xoDSPbqtfh5yeD2phkPsk2pf7UZNmkRFR3E7pKDRC
764,QmVgC9SJ2Su2snB7697ZYfFLQqLWphj6gXrcMxFhbK5MFP
765,QmQR3yeoFPWy3NCfoLW18gzgonmCVTsPBpmhtYZURDZhgn
766,QmRz9ouopK3GXpgZRGKG5NdHNSMMdsi9PcAmRUUmh8QiGK
767,QmZwQHSihkgD1Q8F9zqL2Q216dnn5NagGRmozud86xjxuX
768,QmTc3YTZP8fcoJMbBmGpLR3CLgFCrByVpEsRgiKXC4RfCK
769,QmSiqjf7hpa49mcviHRPaPJ9vj3F3z6ibGeWLJRP2Mgfys
770,QmaP8JEsdSvsvB7w4AWxcNCxe5xD74ozdEjQ3fgXBKNZf8
771,QmVHXxvXLn2DfYj4DimEDHVtZY3AZRTpQ4qMXnW5WH3bRE
772,QmPQnbWf2zVSqLsbPDrca2RwqjkGR64gxYpQrcNiBXE4bo
773,QmPcmvhS85iUKePwkqBYqGm5c6uLXAWGcECCQn28Ny8hmL
774,QmRtLBLh7PctRReXZfCKShQCRtTdW9dnqufAbnCviYA5Cg
775,QmdCv1nQggiQnWknbyeWey9Fwt5T5t6VgJ8qEviLgfAbg8
776,Qmad2PedMmSQERskq3vpwYzU74izouwZCaULXQvZFX7rZW
777,Qme61psV2wbtPxCVuBEjPGcZj1Q2NEF8s2vtny1DSjj6TF
778,QmR6Dg3uGNiJFBDjw4doVqSeRwPn5hio7RCTk8ndCXcZEg
779,QmPfNC51ruo1cUo6RBHuagwiZw3xGfVrrcYQzXTHDwfwwT
780,QmapRiU6acYNodKc6nVD1K82tKMLSZXyAgZpSFMWKv5TAx
781,QmabjFhFZJZkgWwYjcxrYaHZBVzLZpqhRpUktDEs91HE7J
782,QmYWRVqku1ydmDNkFzFyQGTKGERbwvFKn3VZLmDxfsxMbz
783,QmVsYAdsTrRGZvcj2hNw1aNQ612ziEHhhr3A95gPQzdvDg
784,QmT1u1MidHe9YoPkbqKrNtHvSjbY7Udui5ezonUQCPsZEK
785,QmWt4WJKhHsjjdVbf7MTVe6dTSP3gNmRbDbTbXjxDtrUnM
786,QmTpcr3r3uDF26dN3pfsJjVRKRKZQYTYimjoq6YZFmuSG4
787,QmTwBaUjEqAASpBoiUKPPXTCWnp6LJXAjNJKpLScTZCP6Y
788,QmXuaGraWUXLUxz4KX62uihywb3Ws2Y2B5eBVLXGwAeRqK
789,QmXWENyrr8CTXZGeBcHfL6PW4YEYQvnHcWBAsmF6A3ySF4
790,QmWYX21nR4LqSdiCYwp8teybPoWZw3YSQMxfbMrAuxMZ9N
791,QmZznVGweJ6i3fp1CFvHTDwTgqq6sSqySTCVLUcZ4vf1TA
792,QmaAhjEeiPaVNG95Xyr9gNqgA2mXayyM7VbRCT41WA8EjM
793,QmZAN3gXfgU3G2BqN3XDZk2KjtMcQ247he4EyGH1tZbBZJ
794,QmNotp3zZg3VftdY2DuPe341dLP1Tnd6QQu7E7nUxoBiAi
795,QmYLigTeweYmqWTdgiezxquqVBHSszGheaL51QTsQhK7Qa
796,QmPdZHyb5dfq1vqVrWKwLQXj2rDo241kDaLny3oFivQbiu
797,QmfY1gjcTaawDo3G4otycFNTdBVJsmwT1NEcf5uCLyWUuW
798,QmTJ7uqbahT2VSNpwtQp8cZ7RoeSMNRT17oyHnai1nv4wQ
799,QmYa4jcLS5U2oatDviap9Gzcb6EqK7HbdQbdj1HFVLEJQa
800,QmbuD69VD6nDeGHJ4st4hLGoVYQJRawQsXLpMVkmLus8kW
801,QmSUwBUtDdem3sh565P6fiagmryuHjCQjmoum6mFpF9k2s
802,QmcnNmW1s15FissYzvS7jkVb6kTTuB8g8VyzsWzH5eZvb6
803,QmRiDx451s6n7hKuLbv21WrSHW9yqnTEpHvWDNzX7fC33M
804,QmXuRhZuKgSyQQa8BfDNGiopMNX8FGC54WP5SFZZN9TukX
805,QmXYTV6dCSPgcLVQTfGKw8CMQsvffQXZBfR54yhDW4mvL3
806,Qme7yKF1vhnTQAT9f51r4pDkoqWG9VbPm1uamXAuFdb1uT
807,QmSxuHytwnsPA1Rht5ULgQMxF2Q7QpowW4kUistKGSC8yt
808,QmVi7DY3uYSjrP68jrqYJw8xuTyVjsRpUooebhq5Qj86BW
809,QmfZhVcZ1PxjmPw1tXGPKBvYEuDWMciYgu4SgRegCHJS4L
810,QmXQW2DcHW9ckv996y9fQhMRkn4r3WJYYkJnMRigESwvPt
811,Qma4c7tsY2H3bLnJj9i4k5SCXE3v4hQmTuVSszAxgq7uhe
812,QmVbSZXvzCcyPJNQxEurxo8qSz6zRXvBrJrvPGPb9UiLxW
813,QmU98NSFHCoiuECNzNSsYpKUssaeLX7i8MRpvd1mRuMDh4
814,QmXggdM3QC1Aqyz7kE4D9F48VWXFWPCsEKkzbqNmW5hW9x
815,QmVUueRuu4HYjUdrvzU98eVVKMGcqCEN8igJVFRtZkpA7n
816,QmU7hTQodHmpmdw4cGAanJjsBtSLv1CErRFcYTvZgFEii3
817,Qmf41Vpqoq7FuTUFsya53fDpwW5HzfmSTmnTmUdyjaid73
818,QmbpxxzBWmuT9p16BKaTbiUQsnW9uUHUKRWecHAbR25HeS
819,Qmc5c8bYwZifEGmgaCxFDCWvVKMMGXuUQaFsM5zcp4pNXu
820,QmZWjxRnBvKqNnryXhUzzkZnzXDCfmb4Fn39bw1gJvyQLb
821,QmW8EJdk3J9Y9BsCzprxJUY41eFP5cJMPwZtWkGHJRmKXA
822,QmcP7rkxUjScKpE5d4fGe9kDVXVbTjoBUJdQnSPNHXBUCN
823,QmY5NmFd8xMtkQ3wNoQQYBDEseiiXTwtgffA2WGjxT82NS
824,QmTSPxoJnWA9qS4ZXpWjmeH9HRsA5Awd85GeRS2DMPdvFe
825,QmTxGx4kF9Ksc3cWxG1bN7meJMt9DYPhKsH9zjhGECWKbp
826,QmbiiZFUK7eRyFjpm6vCAZ4GnysAsvT6x8UrLumAAP8CTp
827,QmSSrBNSsjGyz2n8SCroD5jg18xWKD1HkBkQfZNMbMmQkD
828,QmWLedDXqMoQBrdLFeFbHBixecS9akSubypxwjDzLBkeAV
829,QmNPsScYEx2uGbrpB7pQH3JEQUGR6UGDBJqWYm8xApxy47
830,QmUACcQoHq1zz1JjA9XHdMsjjze5VoqFMjKkuX8EeYmwbL
831,QmVxDpxMMFyjY4Qi8qxLNHn24pAzkuUriqPZ3bVkDKkPCE
832,QmQVmXdqpNXRYAM7PTtwSFV4hCbkeyzR2Bm2aZNTjRMCR7
833,QmdUgc2XuxW168DYU6c54MA5UiS2shijLzPkQfxXgoiC2K
834,QmUUXp2ymttVBBcXtLDXpa91YUqnhxrgQiZcMcLWf1Mm9b
835,QmckTaRv3QnhxHKcicVtVUtxoixk27447UfqPVLeE6Q8ky
836,Qmc2D4sScTARhQkUWTApDWnvEE4KxdTZ6Fh2QBuaduUVXm
837,QmP7QqBGCwJ9kxqb6bx3VvnFQZqQDYqkdJpccP7N9Cdch6
838,QmdWKZEY3o42tDLKdMcv95ixzXUuh1gHtuAbCNHGSDsNnY
839,QmciyxKqd3K3Q92KqkPLmJW3y44BSecmd4BGDJpepd5sUa
840,QmcmekKwSrUwh14hkBmwQ2aV2sEqEwhiBXESiBkMAnJ7Be
841,QmZHf3jGXNSpstzrdHKg6n2E1eg72qepg5uNRYZ8zxeKjy
842,QmRgTuk6psTL8zinPC7NHaQczfu1eeNqHq4yxrhmvV25mr
843,QmWZYmG7bJb1JCvCYFVQp2tL5SGrKJbbgWFRUyrv4fCjn4
844,QmXSBTe6LZ2ENhd6RNmS4vq8T64SRecc7JKau7jnRSXhZ2
845,QmYD7y4nGyUvCZUbpUqwjKthAuY8twMFXtgptpSwyzA9yf
846,QmSisvmX7xbq5yNkMQ3m9948eoEeCyDqrrGt1zRD73Q832
847,QmVbTAm5wGmZsAwbwi7zJSdvyGfHDBkE15bZgSyaPsvXAF
848,QmW5cojJN9CpsTSEEfYFujUjRAAsLDkM64UrmXKpPTaPGm
849,QmWR8PNWZFw7tFjPynaxJDnnttSYPuZvLQ3HZKoWnJNpyy
850,QmUBPrWF2xcRv2XYz9dRFsN5cCsdmtpkUr7Js7235G9Tuo
851,Qmcagt8GYyo9kYxRgrW5RCbFBsowRPtxi8rKU2jtU518cu
852,QmeQsS3LBZcqdD2LJHiPBKqEMaVsWjV3fWt65LLieatkn8
853,QmQCHW1qVTvE5LxAzv7qMx9CmavQy3sMGRork11x5w9ECL
854,QmckUEMLQ2cnJEC9CpuEJHxAiEyM69EeiUXbyV96DkJmFr
855,QmakGcMJr2EyVvXNv1UdvYTAqSXjfSATWUzosmaGDXf9Lf
856,QmQFYU8sKK9PkJr1AKrtRXKzYygBEvEZbdEZSk1APu4HWa
857,QmeFSuy6cr8T4mAvuDWCJX9VanUSeMpBmcwMx5fjbsdUv8
858,QmZqQRyyChvETPbB6rkGcArvYCkBC5iMttgCPVVEBcFA9o
859,QmSHdpoiSRPY9zcQasuYs9WeJtBCxKrAjUXVGfGNvs52ao
860,QmQJHsJYnSHi8GCiB8XDWDyFCXEYda7FWCovjRA3VGLqFG
861,QmT4aGaLu197cnsxJF7UZPyQwnxyPxW73WfMn49GfbPaKQ
862,QmUggY1cMt3LDPycEVvVWkVM8CneK4Z2dDRKyktowrnAaw
863,QmXzKTFxmzbDaweXv7zK4s1kL54KXECsx8iRib5vjMk3DT
864,QmRhyot2AT3EJ4SUjUXkuep9YbbNmZ7qv4r8DrUDf9EW9C
865,QmbRLaBgE1jrPmLsN9msEX6KkcZ9gnr5ysz9K8cc5TvjRY
866,QmNz3Dx7bNLDXWYQqMkAgWNUSFw1UKBeTcTHxQGMivgWGz
867,QmbQfyMJknm3f3E288ZbGfXxDRhSZMW2NRdu7cPtuqLtSc
868,QmQbQ7qzyuGP8jvj49H9D5KYEQvcpdYUEWZJCG7EL9FGwb
869,QmRdBU42VmtMXFwGKgYLdwD7FAjPq1Kpf8b4sV2HsVCWig
870,QmSbtqG8GjQb6D5EqYeL6QM6sSyBCwCVZbVKDwoEaceU7V
871,QmYqCCN5au2qdHAi8N9a2N3eRFBgXC2FXomhe6J4rQRrSK
872,QmZsYj7uWzySzJ5yYmKFZuE8ZarRzKGhMAN8aRJaQ2LBvd
873,Qmd6MRj9ASvUgMryL9U46DYuvCrgvLcNHtPZ4kYRe6oD7L
874,QmZqWM2oLjRwbsCkhZvmN7jeu3Dkwc1R3z4bjXT4MB3BkR
875,QmXHRDVXe8UrnQYxG4nLtRop8TJCJy7TPUMRmuup7NqGRj
876,QmaRPN8GjjawUsgWeDAe9iceEpaxt19GULoXyCedyshSYM
877,QmYJxLknoiyvNur9r4zkLC31anoQkULkrCsnQAA6Wx7dDP
878,QmNrmtYkTqwYRYupKsDzJibFnqSXBRmwy5K8khBaVULXae
879,QmY3YtenrPT9c6acbxFFyg8JADMtUYBFT4fX3y43QxzUCj
880,QmXToFCsNQRyMh2iNXfxnzLHa3RsSQgcdDtes9j2nwXfwr
881,QmbQWtm7qhcBtUpHaU7rjhKhjSy5u5Q6NTfxJs3gW561bD
882,QmSraq6XmZJq3dMkrGS51Nu3zNpXyFt83ARMEyaGav4Lgc
883,Qmap2aeTUWNTsdSJuuTfbYpyad3zJ3ictANPX9WVSzuEHd
884,QmTPDW3PV4JFPJEhqAUXFZCeFryoufweBA5QXfRMYag6Rz
885,Qmax9Q87dZSuCZADh9EA88b8LtRSZTPH73bbhvor99kabZ
886,QmS49wPcrDRmmtiV8ypXTJvzogfXdCDBEvTYLpp89JetMN
887,QmdCgQ1YyZYEDhXJ88DrbKAPVxZhqLNmHpaNV4MNQ9mBqR
888,QmNkKu17ENRjyT4fRrpwvm2sepvBme2bFij54QXX3wrK8c
889,QmUYhVFmq5DhNqqPqwdmxYRwp2wKFQs2Hv4o51DmQ3YSYc
890,QmUdcC74CWqhaW4qd3Zn8CPPDVaaa7B6o5Nuoi2umzb4uQ
891,QmaGkmxjifSCaydYzUc9jL7NXwrFRr5YRMR8FG1LkbNDnD
892,QmX5E9LXsXrANFpjEmJNi7W7gi8d9MNZad2hDmD36c52Sn
893,QmdTjxixvm9RHYEQ4haXpJmet9KVg9ziz14oxMGKJBoRsL
894,QmeEnfoytkhy71F7PhdwHRN5vyjAEagdLQdA9S8BYn1HGU
895,QmQRnoKccrDwHWsX9wTyCaSZbEdwwhrmSaC68m4s89zKWD
896,QmPG8BcT6Ty85SnUcv2GQbTcjTKT2VVjKRWNPJZLHkAxo9
897,QmWR1GDVZWyJ4zAArVhhW7uopR9wvqauvsoPMkqLDYt1jf
898,QmT5iXTXjNjvpPXqxHnquXCtGkXUm9ccShxtKAribBe7zP
899,QmbrWLuXNiHM33E3TFpooeus6s5zf9yTRJeXmatyLWPMeL
900,Qmapb7TQTCEctUAtrg98QyxMX3yy8BVeDJaHRoLhhdwHmE
901,QmbKJVfUhuEiidbCoNA8wJhGhJ9UNR61Uvm14R6MUJShz5
902,QmYKT5casmPMEXauX9gxDtAF7S9nVnfyrfgpn1aoHmozsx
903,QmVCc8skuBN8rLttpwefFGN6bn5dfGeLQ5DJbi8eyCGaB6
904,Qma1Zr81Ed5f9eCKn2sDdNyUoMoG9UtsLQoT8zSEjmWooy
905,QmcpEn2dJzz5HCFjF971fM8NZAm6VnbxuvWja9VUom2M2L
906,QmWvPsWPthVdjZfmgRqeXCqiA1mm4oaCso7ifPcSEG9AkH
907,QmS87SgLQPfXLbVc6wRoLcrfvW1U3BpptFgBL9E912Eei7
908,QmRSNSVxx8bMMn3AbVqp2kruRDP4WEi8mvY2EZKFeoouve
909,Qmdd99RCDD8EjcQsr7iHJNLqRf8D8AtnEsPKkz2KMaGLyD
910,QmWqm7RU8sU53GJNvjKC1YQeRHggtrYDQzpBMfPh6Eji2o
911,QmYfcJ2u5CBF65nAuJVYjHfrQM41xQeWVWz6GK1ngh9jB7
912,QmfCG9Yd4BuPEiVHFkCA17niSu6hiV5VJwa7Fn5TYQgvh8
913,QmPKvdKJhb12R5jjwN4XsCEtUp21surnztPt4zvNQipL4s
914,QmPPXfiUtymrLwFdZg1bBXvCfUQ2hhXCxJizhNBwqCYx4X
915,QmNqk2jnuCoSJ9StHvD8fcif4tPJsg9HjykFeDQrosEtkt
916,QmcJv64cixKfKZLFK98VZmxNcML4BoDD4q97iauHKGA3f9
917,QmbzFEoz8j7QLchxRDcu3qXive21xPp57ACtmwbvga7RY5
918,QmUK5KXeJCytBBwrUoGdn1pxy4HeTYzNxfa3HaetZsKC9u
919,QmXWQXZG8vxuP6cszVeSxzc6NMEJWV1XbiaN5kyShBSctS
920,QmVQfYdBshm6ghEm92VUGFucYx3fre8RjTUVJKVbbq71Gi
921,QmTMoCcHmkeAB7cRENDw7FXzGsaRTkXtWqpa7UGZ8RiDyX
922,QmUoMTFQcEg6DMdsqrBytbsEqWYxZc5igCBV74gn57Bpqn
923,QmVhufbyxXZh6xJhTnjCSHXo7pAkbufF2P5SiYkaXYja93
924,QmZvJXfY9c63DkmZRiPMEVRMpHXZWZ8J6P1rDeyRExJvRn
925,QmaKP3qUEkc8wJ2bgmRkUr7vWYBUVszvLYfPSiJ6EYwjAD
926,Qmc1Z6KkidnbTvy3vmF7GCxXiMVtmN5DonnkY3mrbdz79D
927,Qmez74g1vuyULqDdfVRzHum9N7XB5GZ83FfFG31r14JhuZ
928,QmYoEwohimgaxJfuqACUJUPuk9mz3uFysP8iLJCzcqN9rZ
929,QmS2SUuAmnYAZdpkZUDT9Ck5qczi7WW1K9YCZQ29AsfpbT
930,QmZQhNKoZRJxiAR2fzthEh6Aar8nwydyDr2vU9X7wY9GK5
931,QmRebnucmnnrp9jc1k3odMx5TgX7s2BgnHZTcgU9wGxHnx
932,QmRKXkxdfbceAhdmzVQ23HSW4oFoQSafAccosJcRoGmBN9
933,QmdoezydAE8TRKANLogAudeUfoZvnSGfuEun1yb67fuWK3
934,QmP3qMXikgB3rKMfEp36o4nwztmkmnDmGWnQDpz3mVUPk4
935,QmcMWzoKn4BVDu7piwPw2A2w7ZUaXofz2w6GQgmF4RpbB8
936,QmbPm4szfpY4asDnVcqUdL1zLDXBBosPteZfYPJFovnjKs
937,Qmd8E1JWejWWmA87HLk8eizLVcYzvFHwojp8U3zKvn2on6
938,QmQ7rF7r9av9vp3d36H5KGueGXUD85qZNqwqKbXJjQ4Uv5
939,QmViHY797vvC7QNoSEQHjoQeoNL6yZiwurdvWcndWzP4W3
940,QmfXbSB3sQBav9L7tGjxA3UjtjAQZCRd5mdqCatCd1N1vC
941,QmPpN98AvGngVAsLx5yr1bCJybdrbwrbdJAdNcenMkVcvS
942,QmdLrkgj1BAbLnbCBiFz8s5G3UQCmuLjvkMia9gjKvqrP2
943,QmSs8mfCJ7DnLzx8K7S86SNAFEYceMQCMLuJaVFPHT5da1
944,QmTC8Za7jKi2NEjkGkcmNfE1wGhaDuQEj1iQ1vjiuQnUp7
945,QmaAUQb75mC82hYjxzp2dvmx5VMfK19ih7QjMzHpCDdfoa
946,QmfWxeW8Gwn4q29gi8zKu7fagjnBgGNgcPVTKc4C7QJQ1b
947,QmQfKMjSb4vxJNkVxw9eQEf2cwBPCQuPnsZCDRmxrQXWW4
948,QmTuAa5mvgTafxao1ifzyoro8EkFYXEy3kufnG4EjHwKzF
949,Qme53ofW57VXZ1xuMocZUMTathYDauJEV3KSSWMz4hJsMz
950,QmTywuzcnSgezcsHae5KY4CGHZSe7MNxhzjdr1UHGaCjx1
951,Qmbx8yhBnvyZNfPVfGn484ZVskn15bpVshzKpwozwSwoHM
952,QmYsmDhgt6v82cP1SNeNaRtRR3HKGewg9uutXAMHoHvwbf
953,QmPPXcyFksV2cUY64QU4UnrXVPqPwL6ZWeV6uoGS7to1Tt
954,QmapgKNb9rDZJT6Hh7S949YeKDbH8AA5jZ3DLZtJogL1eC
955,QmUK8xJyf7LygQpvc4sYYuEa3RcfLYRtHvv1foJnxM1Ps1
956,QmVtnAoqCzQayJeBMGZXcXdcp6Yh8eM41diMS3m1Zy5Maz
957,QmUNmQphU5RgNHhLYWQcFyRQuX5eNXL7Y7UJyXYm73dXCm
958,QmNP1VcQ8QG2zqfpwjyeNogJUwvKyb7bwECf4kUEionqCp
959,QmfFDDmwnMaPtWNHiDLetGVxcxhxTX7ioyEa476NCX5GAq
960,Qmde8XQfxRBKVBTy9May2x55vqPGYMzwC1em828UPN5TXw
961,QmUCQ3BbXdawMyJjeEnMyiK8ZqariDssZ3CRxWZHgzxKqt
962,QmZzCFowjjpVo9PPhiYkuRZ3C99pNS5yRnXLWrwDXkwh1d
963,QmeNYhYW4UVWjRGnRyhvyKXNWEkmF91NKzxdHBnNvPqedw
964,QmRYSwtwF3N7EypkebqtuEUpfbZX2EgonmfE4tE4xkmyCm
965,QmXMAc8RepF4aPGE2fFbXPu1o3LDUmhNw6n5rXT8jckRDE
966,QmeaX2PWkCTURsdw4b2kXh7bJuE5PFmXZRojodwFFnXVQi
967,QmTaomoxKPMCMqrwnk51yEkhaUY1wPPeMYHcNM6VyaRN8h
968,QmaUZpfJXfGDFcSSBdze545U5ypqZFbzwcawhzEG5jLEB4
969,QmdQsos2K9JB1KKaa7wRmxwEb9QQ3FGdMnnRNrN59XNwhy
970,QmcmLyDCRTdPrNXngba9yaq61UNHidUL1aAmefyYbJPXYZ
971,QmYUD7RehAssQGTKfM4ZwxkNpVEUEecWqpzQBgTK9Sy871
972,QmWtjAMtk22YmV1u6BCcpmoT1XLcxbCffNLrKrH9QVwDjQ
973,Qmef3cFwYq2EWVMF5XwcM7VdiBCk72T2Jg7TG1kvKBLpiB
974,QmYHUgtTXUmywCwVyPJQEDbSVDBEu9QVmnUKLp8pbbRpRo
975,QmfEMhG8WgJME2iPhCsGRAkXLgZBKreLDMe7p1kScdHtU8
976,QmaNyYJP9ZrQHH9qHGrKanRZrbinix2yyaDyV2HUCgUrso
977,QmYxkAbrgJxV1AFaDBmGqi7eHYp4hgbr8iQQJsui3683Z9
978,Qmdt2BCF7QDdzUBBJr3zh64mkwEneYp5Q9ts8dikWy3pRR
979,QmdearpJGCyzwvPFnBBfVtWHrqiJ3LfkDiqLcBkCVtKYVL
980,QmddexJ2peyrPhKz5JVz1Ff8eXsGfENaU9V14NzfQnsG71
981,QmVe7jhTWudrpsHvwN9xnRYfMmPRaAnsWxvDdorbSAfwER
982,QmXGHXLeMD9vMQM46UNGvEMe1FqmytAb7pRYn2etmJs2TL
983,QmZDfse1zAc6HDpmyGFEzjTpZT6AHh3KmFKnVMYRJjUddg
984,QmTjgsgiRDRwK1DWnG5TrGUGqdMHdK2v8vBUfofCBRHaJK
985,QmXHBx4ERAGE2SN2NYxPS5jbBMEymFP8QuFHGKaUS8RhkC
986,QmaerPi97KyYbWFbGTTqbqo6EY8UhTJZxUWKcsNb9dv4Vi
987,QmWu6ds8FNynwV4WHDMzR8y1dFqx64cEho9zFnBWtiCDHv
988,QmVjFXn3ES3y1SSTXtYsFKcQcN9v5JR1wsuEdiLbQyf6ku
989,QmYkx2X767dE4kXPNQSp7wioCfPcbUtnDvnrAzoxt1wJiA
990,QmehyqTn7jHQuS6uLA6XnWDqAWbkoBoAvFpWjoopT1VUwm
991,QmdHjYy3RwNKKzGgkdS69rKWSmWwcnzzRW9SB4eNkTaNy6
992,QmXkQGAHM8tETUi5GSioYS2XwLCam8EBeqEiEHRGMMTJdT
993,QmbmmLaDAJqtMWBjoRex1B4RMHE6VXVxkYPdavNMZWS54q
994,QmQqs2tKbd8iGLJSdAg4b6rxmo5qbPCvmzenZVhjGX38fN
995,QmStpq9abkhav1TpuvvDj9qnTnNWnvrDwY48YbyhaUBDVy
996,QmamiK51PJMAL8HRGq3CLEqdC447hiTCCATbCL2LufbHCU
997,QmVobwFim3E7zkrcGBjT4sA2eS8nki1LUQXvqNCuJEjTL5
998,QmZK4RpEHQYTcWrN7kCPfF9GZTg86RVxmoSB8XPeAf6sxz
999,QmctghVLcxzbyR9jgH3wnC1k7jVUL6V9XhADMHS2R5uUEf
1000,QmZzCcwEWZvudUXBpfqWsWcygcpzkCFRHbTvSmscFjEDeJ